{"type":"Topology","arcs":[[[53317,88255],[-12,358],[2,172],[-176,152],[-138,168],[-130,282],[-108,153],[-55,115],[26,78],[-29,140],[-90,107],[50,97],[-52,46],[-95,-47],[-178,203],[-43,-7],[-64,68],[26,62],[-82,259],[8,110],[-149,137],[32,149],[7,154]],[[52067,91211],[19,35],[102,32],[87,132],[90,90],[29,192],[79,-153],[-39,-59],[28,-159],[72,-143],[39,81],[48,6],[65,136],[-42,71],[121,190],[113,140],[-71,103],[-40,133],[48,66],[99,67],[89,-111],[60,28],[46,-109],[39,45],[-25,94],[95,-1],[-21,147],[82,-32],[104,114],[53,115],[98,-7],[76,-42],[174,20],[6,-120],[48,-176],[133,112],[244,-178],[250,-151],[32,37],[145,-85],[163,-230],[100,-191],[14,-169],[71,-80],[30,-103],[91,-61],[57,-412],[84,-254],[-6,-90],[105,22],[131,-40],[51,10],[115,80],[50,-1],[64,-203],[44,77],[86,55],[31,-133],[62,-101],[-126,-116],[-43,23],[-36,-74]],[[55780,89880],[-55,-40],[-80,-219],[-38,8],[-123,-265],[-226,-354],[15,-62],[-142,-420],[-143,45],[-142,111],[-108,153],[-142,154],[-105,-236],[-22,-97],[-66,-153],[-63,-75],[-1,-105],[31,-192],[-42,-252],[11,-34],[-151,-131]],[[54188,87716],[-278,611],[-156,-180],[-139,264],[-58,-68],[-240,-88]],[[41226,82152],[50,218],[32,27],[26,-223],[66,19],[199,328],[54,304],[42,124],[70,554],[61,127],[-28,166],[16,247],[-15,91],[-92,-72],[-77,90],[-87,28],[-102,155],[-73,43],[-58,189],[-66,-11],[-110,227],[22,72],[-50,63]],[[41106,84918],[89,190],[-74,156],[-8,90],[97,393],[-20,116],[53,132],[24,338],[105,-49],[31,49],[124,-25],[98,-318],[34,33],[21,179],[89,-122],[105,-4],[-127,290],[17,174],[46,225],[-147,-170],[-70,-51],[-6,204],[-36,195],[58,35],[74,-43],[33,102],[108,238],[126,35],[56,-158],[321,-1183],[195,71]],[[42522,86040],[21,-152],[40,-105],[-89,-75],[-66,-3],[125,-388],[110,-189],[33,-25],[46,-146],[189,128],[109,134],[237,49],[101,-77],[192,-204],[35,-95],[-79,-211],[-25,-178],[-9,-230],[-57,-336],[257,12],[93,87],[43,-2],[64,121],[52,-219],[-133,-161],[-121,-195],[71,-37],[73,-80],[173,40],[16,-17]],[[44023,83486],[-38,-48],[3,-105],[-77,-153],[10,-48],[-58,-77],[-112,-18],[-143,-136],[-71,-93],[36,-492],[50,-73],[-52,-90],[55,-93],[181,-249],[18,-109],[-45,-41],[-43,-132],[41,-130],[2,-139],[-73,-43],[-48,-183],[50,-85]],[[43709,80949],[-76,-114],[-115,-99],[-100,249],[-38,152],[-84,-139],[-61,-189],[139,-219],[-161,-352],[-182,-328],[-27,-21]],[[43004,79889],[-135,-68],[-93,-102],[-178,-22],[-174,145],[-241,149],[-56,19],[-45,-40],[-93,76],[-91,-11],[-109,209],[-64,87],[-161,-110],[-2,-72],[-105,-142],[-53,101]],[[41404,80108],[56,112],[104,92],[-13,154],[-102,71],[-76,188],[-197,107],[-55,215],[-62,160],[-56,85],[-95,95],[-12,88],[92,172],[218,186],[20,319]],[[41226,82152],[-158,207],[-91,254],[-327,-67],[-74,11],[-37,-99],[-93,42],[-108,-260],[-41,-149],[-159,122],[-90,18],[-120,-84],[-51,-2],[-180,-148],[-87,39],[-88,168],[-213,86],[-16,178],[-139,386],[-7,391],[-14,82]],[[39133,83327],[-3,100],[154,417],[92,320]],[[39376,84164],[272,424],[28,83],[129,262],[205,-120],[48,62],[108,36],[7,-64],[128,-24],[101,-63],[45,8],[76,-90],[17,-93],[72,-100],[102,72],[172,228],[78,73],[86,1],[56,59]],[[51154,81550],[-39,78],[-143,185],[-26,67],[-71,59],[-97,170],[-30,87],[-53,52],[-51,-9]],[[50644,82239],[-193,198],[-114,175],[-119,265],[-49,145],[-92,368],[-78,397]],[[49999,83787],[236,313],[49,191],[94,180],[-29,45],[21,164],[49,125],[127,242],[66,171],[-146,68],[19,60],[2,182],[-24,168],[12,101],[-55,67],[-3,99],[36,204],[8,145]],[[50461,86312],[218,40],[74,107],[112,29],[71,59],[105,1],[39,-232],[75,-98],[-1,-137],[87,-131],[74,-215],[28,-8],[24,-159],[-117,-88],[84,-384],[-18,-153],[129,126],[50,259],[-18,28],[37,220],[44,20],[-1,135],[145,67],[54,100],[110,109],[135,73],[18,-105],[47,-34],[21,125],[64,-12],[90,82],[80,-67],[158,-236],[86,-106],[55,-109],[12,-166],[55,-64],[122,-9],[264,-93],[139,113],[77,328]],[[53289,85727],[69,10],[46,85],[85,6],[42,-85],[223,-121],[49,-238],[78,-88],[29,-147],[77,-115],[42,-7],[37,-153],[-54,-24],[7,-134],[45,-109],[-95,-75],[46,-178],[-76,2],[-59,51],[-82,-1],[-196,66],[-113,-1],[-84,-30],[-74,72],[-59,-80],[-145,-43],[-51,-52],[-35,-103],[64,-22],[35,-189],[-155,-175],[12,-203],[235,-216],[79,-182],[3,-108],[51,-9],[202,-122],[46,-92],[-260,-443],[-4,-98],[-61,-184]],[[53288,82192],[-109,119],[-61,33],[-97,-135],[-46,44],[-46,-99],[-104,206],[-208,-237],[-145,310],[-84,-87],[-58,-3],[-48,91],[-38,-44],[33,-81],[-96,-111],[-47,-143],[-75,1],[-45,-106],[-93,-125],[-26,46],[-163,-200],[-70,-135],[-199,175],[-67,-88],[-137,-69],[-105,-4]],[[47370,77563],[-11,78],[-211,433],[-127,-82],[-10,67],[-143,-45],[-33,154],[39,238],[151,18],[206,178],[43,69],[233,265],[-66,69],[-80,228],[0,70],[-56,78],[-59,25],[74,184],[6,83],[173,337],[17,128],[104,122],[42,179],[-74,17],[-31,109],[56,80],[1,94],[-41,43],[-24,104],[60,57],[-59,104],[9,157],[-97,48],[-41,75],[-50,-80],[-57,63],[-44,-13],[-73,123],[-14,69]],[[47183,81489],[72,69],[162,-35],[46,81],[141,-203],[130,-26],[170,76],[156,144],[155,19],[124,67],[4,122],[38,102],[70,32],[20,-294],[61,126],[64,-39],[126,-252],[72,-87],[99,-69],[71,190],[50,178],[34,-9]],[[49048,81681],[109,-95],[89,83],[129,-32],[142,72],[-5,-90],[-52,-165],[-22,-137],[-42,-97],[21,-40],[-60,-106],[51,-65],[61,-15],[-71,-164],[-96,-90],[64,-34],[-123,-217],[-67,-300],[-46,-128],[32,-61],[-80,-134],[-11,-149],[41,-278],[20,-229],[-128,-247],[-11,-320]],[[48993,78643],[-61,-263],[-83,-182],[-136,-213],[-147,-276]],[[48566,77709],[-247,118],[-16,-77],[-124,113],[-147,-217],[-13,-61],[-83,36],[-191,120],[-103,83],[-119,54],[-37,-58],[-47,-156],[-69,-101]],[[43709,80949],[199,264],[31,122],[159,109],[52,77],[60,-48],[109,6],[49,85],[143,101],[76,84],[81,157],[102,75],[35,-24],[-27,-118],[39,-162],[-37,-123],[48,-124],[268,-183],[68,19],[55,-31],[91,-106],[152,-148],[120,48],[182,222],[122,217],[65,73],[320,178]],[[46271,81719],[186,30],[5,-60],[137,-113],[80,31],[249,181],[59,-151],[196,-148]],[[47370,77563],[-31,-160],[-69,-106],[-29,-140],[-177,-149],[-51,3],[-141,-120],[-155,-337],[-37,-109],[52,-101],[-239,-298],[-142,-129],[-68,-24],[-97,299],[-107,270],[-119,-275],[-274,-82],[-161,-88],[-12,62],[-68,-33],[-25,-60],[-155,-74],[-73,-97],[53,-307],[62,-283],[76,28],[15,-67],[125,60],[173,-80],[80,-57],[-81,-116],[-59,-48]],[[45636,74945],[-109,-28],[-157,-92],[-47,-64],[-81,-33],[-164,-108],[-61,222],[-66,74],[-40,114],[-58,3],[-396,-71],[-157,-53],[-97,347],[-36,89],[-42,-20],[-111,24],[-327,-172],[-54,98],[-75,-38],[-226,31],[-92,-16],[-50,55]],[[43190,75307],[-94,194],[-17,118],[78,124],[22,95],[73,170],[23,224],[-19,212],[121,55],[25,167],[105,143],[30,-1],[139,133],[-31,81],[119,151],[19,91],[-31,85],[87,35],[-28,95],[36,123],[-61,39],[-79,109],[-16,80],[-62,113],[-4,135],[-46,-19],[-54,58],[-77,15],[-70,-32],[-121,15],[-30,52],[-79,-81],[84,303],[44,8],[-10,132],[20,117],[51,106],[-62,156],[-8,168],[59,336],[107,44],[-11,96],[57,31],[-40,104],[-69,56],[-45,-44],[-85,179],[-58,-51],[-107,-38],[-32,-43],[-39,143]],[[53317,88255],[-2,-157],[37,-316],[-9,-74],[-96,-358],[-45,-83],[90,-80],[5,-158],[48,-194],[-17,-117],[141,-174],[40,-20],[-109,-215],[-56,-64],[-78,-285],[-3,-163],[26,-70]],[[50461,86312],[26,54],[-104,254],[144,215],[-14,58],[55,137],[-26,89],[-73,141],[-177,-221],[-12,38],[-103,-48],[-94,-103],[4,97],[-38,104],[2,102],[-42,106],[-14,172],[17,147],[-45,138],[-103,176]],[[49864,87968],[43,34],[109,18],[65,-113],[155,54],[38,-9],[106,101],[11,117],[66,-76],[60,52],[33,97],[58,84],[-55,72],[69,186],[44,-38],[99,60],[-58,160],[22,47],[92,-45],[29,189],[-34,107],[-44,50],[-89,-54],[-93,139],[-12,172],[-42,160],[-51,49],[-55,130],[36,63],[-153,234],[70,174],[-42,116],[81,101],[-13,58],[99,13],[-1,116],[64,388],[26,44],[16,261],[-52,138],[-25,192],[-59,285],[37,21],[97,-92],[70,-21],[279,-316],[109,-9],[105,-79],[55,64],[129,-60],[25,136],[96,-64],[47,44],[141,-61],[33,141],[55,-148],[-5,-135],[119,23],[5,-145],[193,18]],[[54188,87716],[-44,-69],[138,-133],[115,-84],[94,-36],[68,43],[104,-98],[21,70],[129,20],[205,-19],[119,-27],[-116,-223],[-12,-66],[60,-37],[30,-74],[-82,-231],[-42,-77],[-124,-136],[-64,-92],[-68,-47],[18,-57],[-86,-129],[-59,-51],[144,-242],[72,-87],[-25,-176],[11,-115],[44,-61],[-16,-73],[95,-178],[25,-153],[96,-14],[19,-333],[126,-56],[121,-2],[39,-145],[-38,-117],[-58,-49],[87,-114],[78,54],[68,135],[34,-56],[118,-72],[-52,-210],[98,-86],[30,13],[72,-119],[97,-100],[181,-50],[43,-69],[-5,-146],[72,-162],[60,18],[67,-62]],[[56295,83336],[-22,-106],[70,-53],[-79,-132],[89,-293],[-91,-237],[-78,-87],[-5,-151],[-151,-139]],[[56028,82138],[-84,190],[-172,246],[-43,14],[-75,204],[-150,93],[-94,-171],[-47,-52],[-106,57],[-20,-47],[-201,259],[-5,72],[38,109],[41,186],[-4,122],[-160,-357],[-106,147],[-158,-307],[-78,85],[-28,-69],[-50,51],[-66,-139],[-51,68],[-60,-33],[-173,-201],[-80,85],[-69,-52],[3,-206],[-60,-70],[-27,49],[-171,-152],[-87,-104],[-217,-219],[-3,-82],[39,-237],[-143,-16],[-48,55]],[[53313,81716],[-5,68],[70,55],[23,151],[-163,25],[50,177]],[[41404,80108],[-86,-1],[-243,-135],[-109,44],[-111,-203],[-133,-140],[-88,-25],[-179,-137],[-71,-154],[-141,-165],[-90,-13],[-96,-68],[-62,-164],[20,-152],[-85,25],[-115,75],[-110,5],[-122,69]],[[39583,78969],[-111,106],[-142,237],[-45,0],[-88,116],[-217,85],[-29,64],[-72,-21],[-321,-5],[-211,31],[-70,94],[-122,-87],[-98,-10],[32,391],[-7,133],[-87,207],[101,243],[107,605],[-112,322],[-40,54]],[[38051,81534],[75,109],[74,43],[113,137],[49,-11],[147,126],[149,48],[118,-139],[176,100],[82,199],[60,187],[-53,318],[-32,315],[-40,-17],[-90,109],[-99,-81],[-50,77],[-43,287],[42,86],[42,-26],[224,-12],[138,-62]],[[55780,89880],[2,-130],[49,-250],[59,-168],[97,30],[193,254],[30,86],[45,-28],[99,-166],[64,120],[195,-218],[230,169],[66,-97],[71,-17],[77,154],[32,-80],[122,-169],[37,56],[54,-93],[103,176],[68,23],[33,67],[4,175],[49,121],[45,3],[97,129],[8,-170],[-13,-76],[76,-74],[176,77],[-88,-232],[55,-72],[-134,-306],[102,-142],[81,-149],[59,-45],[-53,-96],[-73,-263],[-6,-85],[143,32],[59,-5],[167,-146],[93,-178],[74,-173]],[[58427,87924],[52,-111],[140,-198],[75,104],[44,-49],[51,76],[101,-120],[38,-91],[73,50]],[[59001,87585],[-80,-212],[157,-298],[-90,-69],[-86,-254],[-39,-151],[46,-64],[-36,-103],[76,-116],[-95,-189],[-143,-413],[-64,51],[-104,-176],[-67,71],[-46,-109],[-74,79],[-49,-96],[-13,-255],[6,-130],[-131,-191],[-103,158],[-31,-84]],[[58035,85034],[-128,139],[-60,-189],[-150,122],[-39,-13],[-107,-129],[-102,-70],[-87,-27],[-72,63],[-90,-174],[-168,99],[-56,3],[-112,149],[-87,-78],[3,-399],[-84,-269],[-57,-76],[130,-292],[-156,-171],[-138,-71],[-47,-44],[52,-73],[-10,-63],[-117,-138],[-58,3]],[[44827,86004],[-137,46],[16,164],[49,34],[65,175],[-13,65],[-101,-175],[-34,69],[54,139],[-165,125],[-206,33],[0,419],[9,336]],[[44364,87434],[397,404],[640,882],[69,73],[33,-88],[43,46],[47,-45],[88,-154],[145,67],[111,-82],[65,212],[82,-189],[132,145],[59,43],[53,185],[109,-160],[98,-73],[-45,-144],[-229,-602],[92,-200],[72,84],[62,181],[41,-13],[37,-97],[-59,-119],[48,-73],[-52,-108],[97,-114],[87,1],[-5,-67],[156,-223],[-41,-83],[-46,-11]],[[46750,87112],[-167,42],[-95,77],[-118,-142],[-145,-150],[-66,-91],[-129,-82],[-176,-159]],[[45854,86607],[-52,-38],[-184,-258],[-60,-29],[-63,84],[-9,81],[-56,-8],[-108,32],[-117,-1],[-74,-102],[-48,-115],[-111,-140],[-20,38],[-125,-147]],[[51154,81550],[-23,-101],[-75,-197],[47,-78],[-70,-159],[63,-137],[-135,-127],[-177,-121],[-24,59],[-99,-112],[-88,-3],[-102,-148],[-92,55],[-84,115],[-15,-39],[-137,131],[-29,-106],[-53,-103],[37,-198],[-18,-66],[49,-143],[42,50],[53,-87],[11,-116]],[[50235,79919],[-85,-163],[39,-145],[151,-134],[-25,-163],[-114,-7],[-22,-34],[64,-108],[8,-114],[-51,-108],[-153,-228],[-8,-95],[-135,-298],[-67,11],[-229,157],[-72,16],[-28,-38],[-76,26],[-186,142],[-59,26],[-171,-74],[-23,55]],[[49048,81681],[53,-13],[15,104],[118,-1],[75,106],[170,95],[182,19],[210,75],[48,-7],[122,72],[102,106],[42,-218],[90,50],[119,221],[63,2],[48,-67],[139,14]],[[43190,75307],[-87,-244],[-59,-89]],[[43044,74974],[-122,123],[-48,-80],[-75,142],[-25,-64],[-68,-10],[-109,48],[-61,97],[-68,-100],[58,-252],[-38,-124],[-123,51],[-38,-18],[-138,-222],[-135,-65],[94,-180],[-14,-94],[-103,-104],[-11,-80],[-69,-153],[-46,-26],[-141,-11],[3,89],[-50,131],[-48,-31],[-73,219]],[[41596,74260],[45,64],[103,29],[35,64],[-8,131],[42,134],[18,122],[-56,77],[-11,264],[80,165],[61,194],[-58,148],[-160,55],[-211,-91],[-1,-38],[-125,-32],[-17,74],[-65,-104],[-81,39],[-100,-44],[-139,50],[-4,170],[-22,187],[-65,101],[-61,147],[57,58],[-120,182],[-106,217],[-59,92],[-78,66],[-53,100],[12,93],[-36,51],[-20,115],[-60,126],[-104,-5],[-53,79],[-27,227],[-58,-51],[0,-77],[-193,-66],[-46,29],[-71,-60],[-69,71],[-41,-40],[-77,18],[-87,73],[-14,132],[-98,-5]],[[39395,77591],[5,133],[115,111],[12,97],[-88,347],[-17,130],[-66,301],[141,84],[-18,70],[104,105]],[[56028,82138],[30,-128],[-177,-257],[-24,-80],[82,-156],[26,6],[60,-160],[-79,-126],[-87,6],[-85,-95],[45,-113],[79,-99],[106,-270],[-33,-28],[10,-101],[101,-176],[-58,-61],[39,-109],[-64,-82],[11,-146],[120,-141],[-35,-171],[-22,-194],[94,-58],[32,-57],[-23,-75],[113,-170],[85,-166]],[[56374,78931],[-173,-167],[-129,-176],[-115,-74],[-175,-68],[-401,59],[-275,-181],[-41,-102],[-151,-205],[-20,149],[-201,-117],[-117,-55]],[[54576,77994],[-46,-18],[31,-242],[48,-101],[89,-101],[122,-251],[-151,-166],[-125,470],[-6,129],[-62,115],[-55,56],[-87,33],[-105,-119],[-113,89],[-65,3],[-99,-67],[-133,-140],[-136,-220],[-98,-114],[-110,-248],[-69,15],[-58,-59],[-32,39],[16,115],[80,108],[-44,92],[-34,-34],[-85,325],[94,109],[29,105],[-43,191],[-72,-50],[-111,162],[48,242],[-127,135]],[[53067,78597],[240,289],[38,259],[-31,164],[6,268],[13,60],[-48,167],[-64,143],[-48,250],[-109,14],[-25,86],[54,42],[137,21],[119,339],[-3,210],[-60,-8],[-121,314],[184,177],[-21,156],[-37,144],[22,24]],[[46750,87112],[115,-49],[32,-91],[97,-11],[39,-58],[133,-71],[215,278],[-40,80],[58,88],[-208,336],[137,174],[79,-137],[46,15],[58,81],[186,149],[72,116],[73,43],[173,193],[56,98],[78,-163],[3,-109],[86,-13]],[[48238,88061],[84,-133],[-60,-134],[100,-179],[-19,-139],[17,-81],[-55,-114],[-50,-31],[-21,93],[-128,14],[-103,-417],[-2,-63],[64,-90],[22,-179],[-84,-71],[-24,-138],[-36,-61],[-36,-188],[9,-202],[-52,-133],[1,-200],[23,-64],[-17,-87],[-57,-109],[-40,-23],[69,-126],[-229,-130],[-97,-94],[-120,-241],[-50,-57],[-23,-128]],[[47324,84556],[-93,96]],[[47231,84652],[-25,35],[-316,276],[-118,16],[-11,59],[-123,113],[-63,-28],[-80,122],[-15,235],[34,159],[-99,54],[-87,-32],[-75,192],[-135,188],[-220,410],[-44,156]],[[38051,81534],[-124,138],[-66,107],[-55,128],[-222,318],[-141,94]],[[37443,82319],[-7,19],[118,328],[-118,127],[-68,299],[-85,112],[-64,171],[-17,147],[61,444],[-126,115],[-62,-101],[-99,226],[-76,62],[-91,18],[-14,45],[-140,33],[53,373],[-44,33],[-183,15],[94,273],[42,56],[-70,115],[-170,143],[-115,270],[-17,-7],[-103,212],[90,198]],[[36232,86045],[29,157],[98,209],[75,130],[-46,85],[75,321],[65,-48],[109,-4],[-16,-126],[135,-118],[5,68],[60,91],[-51,36],[-28,82],[112,27],[16,-51],[84,-47],[69,-89],[16,-134],[54,-79],[82,-6],[60,-84],[61,-36],[32,-175],[53,-158],[36,-43],[58,-214],[49,-278],[51,-188],[37,74],[117,36],[264,-7],[165,24],[56,36],[116,-62],[78,-65],[250,-362],[95,-108],[95,-75],[106,-40],[58,-87],[175,-361],[9,-99],[72,-66],[108,-47]],[[48566,77709],[143,-29],[167,55],[105,-133],[-99,-196],[-22,18],[-80,-302],[-65,-117],[44,-144],[-32,-57],[54,-101],[-74,-183],[-1,-207],[20,-142],[-13,-54],[67,-147],[13,-117],[-51,-103],[-195,-122],[41,-221],[10,-326]],[[48598,75081],[-19,-318],[14,-203],[35,-183],[29,-348],[7,-252]],[[48664,73777],[-397,-268],[-170,-105],[-155,-112],[-469,-301],[-13,56],[-85,-5],[-46,-96],[-86,-115],[-395,-250],[-50,144],[-84,-21],[-62,151],[-87,-59]],[[46565,72796],[35,169],[4,122],[-28,190],[14,308],[-261,-196],[-105,77],[-42,-38],[-49,-192],[-69,47],[-20,-123],[-112,138],[-161,40],[-42,-93],[12,-101],[-37,-27],[13,-105],[-106,-49],[26,-112],[-61,-104],[-79,212],[-29,42],[0,168],[113,296],[-43,132],[10,234],[22,86],[-33,145],[26,53],[194,205],[98,57],[-30,175],[-38,117],[-79,-91],[-72,367]],[[42522,86040],[182,52],[218,-45],[-24,938],[113,33],[204,100],[136,6],[92,45],[59,159],[65,53],[16,-88],[781,141]],[[44827,86004],[18,-130],[-94,-200],[-57,27],[-29,-73],[-147,-184],[-37,42],[-58,-132],[-33,-136],[130,-77],[-16,-88],[57,-32],[31,-105],[-51,-38],[-108,-17],[-40,62],[-46,-108],[26,-146],[-27,-77],[-63,-23],[-26,72],[-117,-229],[97,-131],[173,-170],[88,-187],[191,-332],[-2,-123],[-36,-42],[1,-89],[-79,-197],[-242,-289],[-32,72],[76,106],[-41,132],[-69,100],[-8,139],[-28,44],[-6,135],[-184,-50],[-16,-44]],[[49999,83787],[-6,35],[-200,-146],[-52,187],[-10,229],[-37,65],[-67,-96],[-41,43],[-152,-149],[-126,-61],[-68,121],[-75,-141],[47,-178],[-122,-12],[-193,149],[-112,162],[-79,60],[-48,-56],[-83,-14],[-132,27],[-272,110],[-69,-63],[-375,231],[-403,266]],[[48238,88061],[53,110],[-8,94],[75,72],[78,-102],[180,5],[-61,72],[120,251],[90,164],[-41,189],[163,234],[120,85],[67,-13],[116,177],[64,-78],[9,-190],[-28,-66],[50,-178],[42,-65],[0,-262],[-52,-134],[14,-155],[-41,-148],[91,-146],[63,-68],[36,-110],[133,95],[241,85],[52,-11]],[[50235,79919],[160,-144],[87,62],[58,2],[-52,-165],[234,203],[8,-158],[49,-162],[77,-14],[59,-57],[71,-175],[81,-286],[-79,-27],[-54,-178],[-164,-177],[-97,-64],[79,-181],[-31,-179],[72,18],[97,-289]],[[50890,77948],[-18,-114],[-11,-378],[8,-173],[61,-362],[-41,-72],[126,-509],[20,-155],[311,-394],[-125,-270],[-3,-92],[-116,3],[-52,-74],[-492,-318],[-23,133],[1,132],[-70,70],[-51,-106],[-65,-71],[-111,264],[-40,-76],[-83,-90],[-46,31]],[[50070,75327],[-32,-20],[-144,-175],[-56,150],[34,244],[-75,172],[-190,-159],[-39,151],[-85,-35],[-129,24],[-5,-114],[-91,-65],[-36,37],[-210,-280],[-151,-67],[-92,-85],[-12,57],[-159,-81]],[[58427,87924],[111,152],[-25,157],[72,33],[216,-21],[104,120],[136,36],[176,98],[-22,115],[11,156],[56,0],[197,299],[98,212],[96,19],[-23,348],[94,47],[81,-53],[32,-86],[78,3],[-8,163],[93,17],[0,89],[160,-45],[175,-144],[233,-138],[38,58],[110,-182],[85,-165],[48,-127],[66,-107],[54,-135],[30,-163],[62,-194]],[[61061,88486],[-14,-68],[39,-83],[-43,-81],[-5,-100],[-59,-172],[5,-264],[-27,-20],[28,-180],[5,-134],[-48,-44],[45,-120],[-113,-157],[-117,181],[-30,-292],[-57,8],[-161,-107],[-62,36],[-45,-110],[-57,-23],[-42,-185]],[[60303,86571],[-80,27],[33,182],[-28,25],[26,161],[65,174],[11,92],[-103,173],[-140,98],[-67,-30],[-34,146],[-164,-148],[-108,-79],[-107,65],[-46,100],[-92,4],[-62,-80],[-128,145],[-34,222],[-140,-205],[-43,70],[-61,-128]],[[47231,84652],[-35,-77],[-18,-214],[12,-64],[-62,-104],[-32,-202],[123,-111],[-13,-50],[-104,6],[-117,102],[-39,-176],[-72,-165],[-56,-258],[106,-64],[-5,-87],[-104,-113],[-74,37],[-39,-89],[36,-139],[-146,-238],[-46,34],[-118,-268],[-60,-86],[-100,-65],[10,-191],[51,-234],[-58,-117]],[[60303,86571],[87,-80],[42,-85],[17,-142],[-79,-41],[-14,-79],[71,-49],[27,-122],[189,-141],[83,-76],[71,-29],[-3,-188],[-17,-113],[93,-96],[128,-248]],[[60998,85082],[-67,-249],[-65,-9],[-122,-74],[-93,-97],[-66,-35],[-41,-154],[-31,-208],[13,-318],[-36,-29],[-51,-156],[27,-49],[-28,-89],[19,-193],[29,-103],[6,-156],[-68,-217],[-1,-113],[65,-92],[99,-309],[-250,-395],[-89,-192],[-79,-394],[41,-239],[-58,-35],[27,-126]],[[60179,81051],[-68,-70],[-66,-151]],[[60045,80830],[-125,-193],[-177,321],[-163,269],[-43,37],[-89,-115],[-147,-137],[-88,201],[-86,-56],[-224,-325],[-42,76]],[[58861,80908],[-34,39],[-120,50],[-74,90],[54,145],[-113,241],[-129,93],[-78,-200],[-114,110],[140,356],[140,205],[76,206],[-76,236],[165,152],[-105,204],[-89,216],[-168,299],[-68,222],[-48,252],[-64,51],[-73,-31],[-59,95],[59,138],[-9,204],[26,146],[58,10],[5,175],[63,23],[-84,199],[-18,80],[-89,120]],[[58861,80908],[-17,-330],[15,-189],[-133,-125],[-188,-355],[-8,-130],[-125,-48],[-118,-72],[-166,12],[-409,207],[-70,-58],[15,-99],[69,-288],[-169,-31],[-46,17],[-122,-22],[-494,-257],[-230,-36],[-172,-92],[-119,-81]],[[37443,82319],[-89,-229],[-97,-127],[-88,-152],[-14,-86],[-95,-273],[7,-58],[-54,-147],[-87,-163],[-249,-329],[-82,-139],[-36,-178],[-15,-215],[-120,-136],[-188,-118],[-45,-54],[-116,71],[-163,125],[-164,194],[-116,-91],[-126,-43],[-46,77],[-20,151],[-134,146],[-31,64],[-25,153],[14,134],[-45,287],[-57,120],[-45,151],[-54,50],[8,119],[99,-123],[36,41],[-9,97],[52,158],[1,260],[33,231],[-19,136],[-60,194],[-89,-84],[-69,185]],[[35046,82718],[-1,75],[52,112],[1,72],[51,90],[53,186],[-71,222],[56,363],[44,134],[-48,170],[53,87],[27,141],[-33,187],[-97,-2],[-19,302],[-59,122],[69,156],[94,29],[67,-140],[15,99],[49,107],[209,92],[23,-68],[68,44],[-61,227],[-41,55],[-72,-56],[-102,-145],[-86,-57]],[[35287,85322],[-87,137],[151,134],[28,116],[135,257],[18,82],[59,-55],[49,-155],[112,-39],[31,44],[113,54],[64,77],[205,126],[67,-55]],[[53067,78597],[-75,-25],[-31,-120],[-71,127],[-86,72],[-24,-167],[-29,-40],[-107,98],[-55,-142],[-43,-20],[-50,60],[-112,-231],[-76,-82],[23,-122],[89,-72],[-52,-99],[68,-148],[1,-106],[-32,-36],[-166,-12],[-6,-94],[-123,164],[-94,180],[-53,-75],[-117,150],[-14,-51],[-157,168],[-126,177],[-46,-92],[-60,108],[-111,252],[-92,-88],[-111,-51],[5,-48],[-145,-69],[-32,-173],[-67,-42]],[[24453,75197],[-55,37],[-63,119],[37,110],[-70,63],[-23,-126],[-62,56],[-23,139],[-59,18],[-210,210],[54,132],[-70,57],[1,142],[59,194],[122,-71],[30,178]],[[24121,76455],[134,-50],[57,194],[-36,24],[98,304],[63,136],[-15,88],[-152,34],[-23,-71],[-136,76],[-98,185],[-73,103],[26,141],[-194,124],[13,241],[43,283],[46,189],[75,-10],[55,158],[-12,59],[18,219],[-7,110],[-56,32],[14,334],[-76,21],[-75,62],[-101,38],[-76,-74],[-51,155],[-101,55],[-47,303],[-14,176],[36,130],[-124,86],[-91,-11],[-8,77],[-50,105],[-43,152],[16,135],[-49,108],[-80,37],[-144,132],[-85,17]],[[22798,81062],[49,58],[36,116],[131,178],[109,174],[37,130],[48,-25],[58,58],[55,191],[-9,68],[89,114],[55,122],[13,91],[-44,165],[-183,-110],[-23,29],[30,192],[95,89],[-35,126],[130,129],[80,33],[52,-19],[122,87],[92,-117],[62,-47],[118,-135],[124,-73],[71,119],[83,0],[62,33],[95,-136],[93,160],[42,119],[98,-34],[20,-55],[135,-39],[57,-45],[82,52],[11,79],[-95,167],[53,59],[-25,88],[63,434],[-28,79],[-164,205]],[[24742,83971],[76,11],[49,-88],[118,29],[72,-30],[107,25],[102,-120],[90,-35],[110,17],[122,111],[-92,95],[-46,165],[10,219],[-31,92],[87,59],[-29,118],[108,77],[57,5],[35,-118]],[[25687,84603],[129,-492],[161,109],[-20,168],[97,140],[63,-74],[45,-142],[75,7],[38,43],[121,-238],[93,-26],[151,-321],[87,-108],[-28,-110],[71,-166],[78,-64],[59,198],[50,-140],[128,-165],[86,30],[106,-127],[96,112],[62,27],[35,155],[75,169],[62,59],[116,-68],[69,161],[153,-238],[-23,-142],[62,-131],[89,-73],[-19,-114],[76,2],[44,-66],[127,-101],[107,-58],[82,-79],[87,117],[87,60],[139,54],[110,235],[83,-55],[153,57]],[[29149,83208],[-39,-59],[-68,-222],[39,-104],[-75,-63],[32,-244],[61,29],[93,-253],[-31,-94],[41,-64],[48,22],[88,-90],[66,-283],[11,-114],[49,-133],[61,11],[48,58],[104,-295],[-13,-57],[367,-301],[8,-88],[-41,-131],[27,-129],[-58,-161],[-49,-36],[-183,-246],[-57,-128],[-82,-312],[-24,-46],[70,-93],[-59,-86],[-59,-37]],[[29524,79459],[-18,-207],[-156,70],[-56,111],[-53,-43],[-83,7],[-115,98],[-19,-33],[-115,193],[-17,76],[-72,-107],[-74,182],[1,174],[-15,213],[-169,29],[10,-91],[-24,-113],[-82,83],[-31,-136],[-42,-64],[31,-70],[-78,-58],[-41,72],[-151,-141],[-27,-47],[-159,60],[-67,-177],[-54,-61],[-43,-99],[-65,-77],[-32,-229],[-68,-27],[-76,-138],[-63,-188],[52,-14],[-30,-148],[-71,-238],[25,-170],[-38,2]],[[27439,78153],[-254,209],[-14,-48],[-147,-117],[-32,67],[-61,-89],[-32,177],[-268,399],[-45,48],[-32,-96],[-61,78],[-218,-461],[-32,-81],[-53,-37],[-168,-32],[-81,-48],[-161,-38],[-112,-115],[-42,-116],[26,-180],[79,-90],[36,-77],[-71,-94],[4,-117],[-203,-462],[87,-106],[-53,-84],[-79,22],[-109,-84],[-78,-113],[-99,-69],[-44,28],[-75,-162],[-157,143],[-27,86],[-123,-127],[-19,-88],[-75,-100],[-35,-102],[209,-124],[-66,-171],[73,-63],[-22,-155],[120,-138],[-37,-64],[-432,-15],[-3,-150]],[[24453,75197],[4,-287],[31,-129],[219,28],[95,28],[97,-27],[96,-194],[124,91],[64,-48],[191,-185],[160,-129],[4,-137],[49,-272],[170,-175],[-50,-153],[-1,-154],[-66,-127],[-32,-339]],[[25608,72988],[-57,-131],[-99,-101],[-48,-2],[-95,-210],[-79,66],[-28,-312],[73,-92],[23,-178],[-96,-101],[-60,-24],[-26,-113],[60,-169],[34,16],[113,-64],[-13,-159],[14,-324],[15,-121],[-115,-204],[-46,-124],[-104,-129]],[[25074,70512],[-488,-266],[-6,-444],[-95,-152],[-67,-209],[-307,316],[-168,113],[-113,37],[-121,239],[-27,121],[86,34],[-182,341],[-12,144],[66,66],[70,-57],[11,122],[100,88],[-31,94],[-18,199],[-136,23],[-123,135],[-84,143],[9,55],[-76,53],[-9,-87],[-128,75],[-41,-59],[-61,37],[-68,146],[-75,-69],[-77,-23],[-139,23],[-98,-56],[-74,2],[-50,66],[-130,1],[-60,45],[-29,-101],[-87,96],[-74,-85],[-246,-103]],[[21916,71615],[-16,142],[61,92],[102,13],[-78,277],[-58,-79],[-49,-126],[-63,-16],[-104,38],[49,101],[-40,189],[-67,28],[-89,-29],[-72,26],[59,294],[43,62],[95,16],[106,167],[59,223],[-56,57],[-85,269],[-84,225],[-16,140],[13,233],[-11,164],[35,178],[42,134],[-5,253],[-25,88],[-3,208],[66,136]],[[21725,75118],[78,134],[166,-149],[109,-242],[26,-25],[59,-295],[-60,-113],[-28,-108],[123,39],[92,90],[179,-72],[24,41],[57,-92],[111,-74],[60,-95],[126,141],[140,232],[-120,193],[244,231],[-118,153],[-1,141],[67,210],[141,243],[32,10],[24,120],[4,190],[95,102],[98,223],[28,129],[44,80],[228,-141],[180,57],[188,-16]],[[25074,70512],[49,-88],[284,-605],[6,-136],[125,-441],[28,-122],[-7,-105],[-66,-202],[60,-90],[-36,-50],[-94,-266],[26,-29],[-70,-251],[-25,-315],[29,-81],[-98,-148],[-1,-45],[77,-71],[25,-193],[70,-112],[62,-193]],[[25518,66969],[-47,-40],[-49,23],[-97,-48],[-154,-173],[-101,40],[-17,88],[-82,-26],[-19,-100],[-56,75],[-89,-25],[-84,42],[-122,267],[-93,-81],[-80,79],[-82,6],[-48,52],[-40,138],[-96,22],[-52,120],[-141,33],[32,77],[-99,121],[-81,34],[-122,87],[-99,29],[-110,175],[-68,21],[-5,60],[-164,89],[-116,-24],[-174,97],[-26,31],[-86,-126],[-50,-28]],[[22801,68104],[-54,105],[-43,-46],[-40,87],[-54,11],[-140,-61],[-160,360],[-72,196],[-138,563],[64,54],[-88,121],[-285,359],[-111,258]],[[21680,70111],[257,124],[25,252],[-57,157],[107,208],[-32,70],[-83,61],[-100,136],[15,55],[107,95],[-31,339],[28,7]],[[29524,79459],[79,-67],[86,-126],[-23,-39],[44,-129],[74,-152]],[[29784,78946],[47,-123],[12,-196],[69,-169],[38,-213],[32,-91],[13,-120],[-33,-17],[-68,-232],[-47,-217],[-15,-144],[-183,-254],[-89,-173],[40,-9],[322,-359],[24,-55],[-52,-97],[-30,-134],[-119,65],[-31,-54],[-116,16],[-60,-60],[-38,-116],[-103,-208],[-154,-99],[-23,47],[-146,-248],[-245,322],[67,204],[-159,73],[17,141],[-111,68],[-13,90],[-161,9],[-92,-25],[-288,-27],[-226,42]],[[27863,76583],[-40,101],[-1,89],[57,0],[25,96],[-31,44],[14,118],[-11,112],[-66,19],[-24,89],[-62,117],[35,56],[-369,493],[50,180],[-1,56]],[[27863,76583],[29,-134],[-53,-83],[-24,-274],[-29,-63],[27,-82],[-38,-184],[-54,-104],[-61,-65],[54,-54],[75,-253],[135,-177],[-92,-166],[38,-58],[-108,-224],[5,-219],[-20,-59],[-138,-36]],[[27609,74348],[-104,90],[-74,10],[-70,-332],[-134,-224],[-42,-114],[-75,-86],[-39,-91]],[[27071,73601],[-144,23],[-57,68],[-64,-99],[-126,3],[-33,-52],[-105,-50],[-65,-65],[-97,44],[-47,-87],[-59,-29],[-120,-151],[-42,-244],[8,-104],[-27,-197],[-154,88],[-86,6],[-128,88],[-117,145]],[[24742,83971],[-56,132],[-129,242],[-43,61],[-169,139],[-124,78],[-103,-100],[-79,-11],[-113,-75],[-60,-7],[-69,44],[-4,79],[-114,-67],[-56,-83],[50,-97],[-45,-29],[-43,54],[-52,-8],[-121,203],[-73,-165],[-149,-37],[-18,53],[15,180],[45,94],[74,86],[28,137],[78,145],[87,100],[-38,85],[-87,-29],[-61,37],[-84,-16],[-181,52],[-189,21],[-269,191],[-107,139],[-23,71],[-70,92],[87,110],[92,178],[-128,38],[-91,5],[2,121],[35,147],[-2,116]],[[22385,86477],[25,122],[12,581],[35,253],[-8,168],[128,180],[329,430],[-5,140],[42,105],[-11,284],[136,-19],[97,78],[122,227],[28,145],[-113,246],[221,216],[-66,117],[69,142],[20,113],[54,-69],[64,101],[66,-125],[105,185]],[[23735,90097],[64,-159],[10,-81],[-38,-163],[-6,-122],[-117,-204],[61,-13],[79,-74],[-11,-302],[60,-179],[-26,-123],[12,-107],[102,-131],[3,-79],[-29,-148],[24,-145],[95,-101],[78,-236],[96,-169],[124,-149],[120,48],[75,-32],[22,-55],[114,-57],[38,39],[125,9],[141,-106],[38,-64],[107,-91],[156,-103],[63,-24]],[[25315,86976],[104,-102],[56,-122],[82,-102],[59,-39],[-20,-252],[94,-45],[116,-7],[14,-123],[-54,-74],[76,-271],[-26,-123],[22,-92],[-35,-87],[35,-97],[88,-160],[-43,-14],[-78,-207],[23,-116],[-32,-111],[-50,-49],[-59,-180]],[[23735,90097],[17,77],[59,-26],[90,33],[69,-98],[33,80],[157,234],[27,67],[156,216],[87,-106],[-82,-176],[-37,-223],[59,-23],[98,-91],[-86,-179],[78,-186],[43,3],[164,116],[266,126],[38,-59],[98,8],[113,151],[49,142],[184,-31],[116,251],[181,144],[8,-142],[-61,-198],[-44,-20],[-56,-120],[-9,-109],[148,-249],[-8,-67],[58,-214],[-4,-112],[58,-116],[43,-27],[57,-119],[29,3],[105,-196],[11,-95],[52,-23],[10,-87],[-27,-68],[97,-305]],[[26179,88283],[-48,-53],[-6,-144],[80,-164],[13,-229],[-26,-117],[-84,-122],[-49,-110],[37,-227],[-103,53],[-102,94],[-41,66],[-93,18],[-41,-53],[-67,171],[-118,-157],[-89,-43],[-127,-290]],[[22798,81062],[-63,-42],[-64,56],[-108,-41],[-62,-72],[25,-118],[118,-17],[14,-249],[86,-36],[25,-146],[40,-100],[-13,-194],[-83,-64],[-95,-7],[-112,120],[-114,14],[-12,166],[-65,126],[-14,182],[-96,-7],[-103,139],[-137,-234],[-20,-105],[-176,-128],[-119,-38],[-110,-86],[-88,41],[-121,-15],[-114,76],[-61,97],[-39,-70],[-49,87],[-44,-6],[-145,-153],[28,-163],[112,57],[6,-200],[-21,-73],[-52,-41],[-153,-67],[-93,-86],[-39,175],[-71,-62],[-52,4],[-22,135],[-77,-5],[-79,-46],[-39,197],[-81,-17],[25,-228],[-138,-40]],[[20133,79778],[-179,146],[-63,-28],[-3,85],[96,96],[60,186],[161,127],[76,131],[-74,110],[-80,55],[-54,-44],[-128,193],[39,28],[-20,128],[-105,270],[-51,-8],[-57,-126],[-44,16],[-44,195],[-171,227],[-77,156],[-80,86],[56,110],[-52,55],[-70,145]],[[19269,82117],[91,79],[-50,75],[-27,105],[31,57],[69,39],[-34,143],[-100,205],[-177,140],[-49,230],[4,74],[-84,-2],[-3,149],[-49,61],[41,116],[-65,120],[-106,264],[-65,59],[32,76],[-46,185],[-94,46],[-26,139],[-74,48],[-32,104],[-51,41],[-67,116],[-122,-31],[-31,122],[9,64],[-104,149],[10,65]],[[18100,85155],[54,62],[42,103],[39,174],[50,125],[102,-109],[107,135],[142,11],[101,-25],[228,187],[-22,40],[92,105],[43,-59],[137,76],[57,61],[102,219],[-44,61],[-72,173],[42,50],[71,-81],[41,-115],[161,81],[69,79],[-50,89],[-58,-11],[-54,118],[173,329],[48,-42],[5,146],[-118,16],[17,106]],[[19605,87259],[82,-65],[123,18],[68,44],[11,52],[115,32],[108,-31],[114,-304],[138,-117],[149,101],[63,-1],[54,53],[91,-45],[95,15],[101,-68],[91,42],[205,208],[141,-47],[78,36],[45,-34],[64,32],[111,-116],[6,-159],[87,-163],[123,-160],[47,-90],[97,-17],[111,-83],[64,77],[198,8]],[[35046,82718],[-48,-144],[-63,-103],[-102,-48],[-158,-177],[-117,-111],[5,-61],[-51,-196],[-79,-166],[-63,-91],[-31,47]],[[34339,81668],[-89,133],[-27,127],[-118,149],[173,285],[-90,163],[-91,49],[-158,44],[-118,193],[-41,144],[-74,442],[-167,460],[-71,-99],[-98,-88],[18,-253],[-99,171],[-68,-325],[-52,-179],[-86,-214],[-68,-128],[-215,-659],[-30,-136],[-88,-282],[-138,-245],[-80,-196],[-49,-179],[-58,-101],[-32,-104],[-207,-273],[-82,-63],[-104,-116],[-91,-389],[-152,150],[-95,34],[55,505],[36,182],[87,201],[37,1],[47,95],[-7,217],[-43,217],[5,118],[-172,159],[-175,89],[-51,-10],[87,210],[63,80],[-42,108],[84,76],[-101,324],[-51,225],[10,198],[-52,184],[48,31],[-37,248],[-41,91],[33,159],[78,291]],[[31492,84182],[171,53],[91,-137],[176,-5],[195,-73],[85,26],[83,165],[21,81],[66,120],[182,265],[128,72],[59,113],[73,-73],[31,-155],[97,-161],[60,89],[78,-60],[275,-28],[16,45],[423,497],[117,17],[74,-70],[95,-421],[29,-28],[242,799],[27,123],[103,300],[52,-68],[192,68],[133,10],[148,-341],[68,74],[130,-132],[75,-25]],[[29149,83208],[89,34],[72,109],[21,136],[-14,74],[88,-15],[80,141],[1,110],[89,2],[77,105],[19,77],[167,87],[79,183],[19,121]],[[29936,84372],[69,-91],[72,82],[70,-9],[134,125],[100,-1],[2,102],[102,-34],[-15,-79],[61,-43],[-26,-145],[39,-120],[117,82],[110,-93],[70,76],[198,24],[109,-44],[94,-79],[72,43],[77,-26],[101,40]],[[34339,81668],[-156,-188],[-85,-79],[-117,-38],[-51,-86],[-33,-154],[-118,-173],[-84,-82],[-118,-198],[-57,-141],[-114,-66],[-70,-3],[-122,-233]],[[33214,80227],[-181,-71],[-132,-1],[-104,-83],[-78,-134],[-82,-189],[2,-71],[-54,-67],[-70,174],[-38,39],[-152,-131],[-42,-3],[-166,-97],[-122,-113],[-65,31],[-70,-117],[5,-69],[62,-110],[18,-203],[54,-346],[-27,-99],[-10,-157],[-73,-230],[-2,-110],[-42,-77],[-51,-1],[-118,-67],[-15,-162],[41,-103],[14,-129],[-53,-134],[-65,-102],[-118,-106],[-77,-39]],[[31403,77150],[-17,117],[-63,70],[-227,113],[42,333],[3,188],[46,208],[-13,133],[-146,-125],[-113,-1],[-33,-56],[-145,140],[-48,105],[33,89],[62,29],[92,-5],[46,34],[77,207],[-55,142],[-93,-46],[-31,74],[-169,-8],[-46,-224],[-109,-231],[-90,108],[-228,237],[39,70],[-100,150],[-59,-131],[-53,61],[13,76],[-99,50],[-52,-22],[-83,-89]],[[26179,88283],[67,-29],[127,108],[99,-81],[70,53],[96,0],[121,67],[178,41],[228,14],[76,-38],[72,11],[27,-258],[50,-115],[65,8],[96,-36],[95,-88],[27,-57],[167,79],[96,-135],[41,55],[113,236],[95,22],[107,157],[46,37],[84,-87],[81,61],[66,176],[42,-74],[110,-125],[27,83],[91,-77],[77,81],[102,46],[81,116],[119,-73],[96,-136],[79,-224],[-21,-88],[96,-108],[113,-290],[59,-90],[-183,-147],[36,-115],[51,-30],[-48,-219],[83,-50],[-9,-102],[-45,-80],[-10,-203],[-54,-201],[-21,-202],[-34,-181],[-50,-180],[28,-182],[83,-34],[66,73],[53,-125],[119,47],[20,-190],[51,-43],[-12,-71],[59,-67],[53,-131],[57,-61],[22,-99],[88,-117],[-70,-209],[-37,-234]],[[39849,65522],[-32,87],[82,33],[105,108],[-19,124],[6,151],[-56,116],[58,136],[16,189],[64,-32],[10,304],[67,48],[130,38],[-26,458],[103,37],[44,43],[-97,128],[-88,158],[-42,37],[-141,235],[-36,299],[-1,215],[-32,99],[13,247]],[[39977,68780],[23,147],[-57,269],[-25,242],[10,249],[-35,166],[157,148],[94,152],[70,77],[111,19],[-22,97],[67,181]],[[40370,70527],[40,45],[-13,148],[11,199],[101,226],[8,140]],[[40517,71285],[50,-26],[94,-102],[58,-131],[130,-503],[81,-156],[198,-200],[-55,-75],[-76,-166],[-79,-96],[-39,-114],[-37,-191],[23,-61],[-3,-135],[20,-84],[-39,-231],[-24,-256],[17,-148],[-28,-109],[-5,-198],[17,-160],[-38,-120],[23,-136],[-25,-273],[-59,-187],[-23,-172],[13,-156],[56,-55],[82,5],[255,119],[80,52],[240,225],[126,37],[61,61],[-25,-190],[-66,-216],[-3,-236]],[[41517,66901],[-31,-25],[-134,-222],[-180,-88],[-142,-119],[-48,-59],[-1,-200],[-155,-195],[29,-156],[-22,-117],[-124,-237]],[[40709,65483],[-3,223],[-133,-10],[-122,11],[-241,-93],[-38,-89],[-139,-15],[-34,-46],[-150,58]],[[42462,64046],[-6,341],[-45,442],[-58,351],[-39,289],[-29,141],[-55,151],[1,57]],[[42231,65818],[61,19],[83,-173],[25,119],[33,2],[220,545],[158,107],[194,193],[92,266],[-5,211],[129,157],[145,67],[114,-29],[58,-84],[29,394],[17,94],[178,303],[54,47],[-42,281],[-81,357]],[[43693,68694],[124,47],[-37,-108],[56,-57],[127,-49],[115,105],[51,-14],[151,396],[154,95],[41,68],[-3,120],[77,-2],[131,35],[50,90],[153,173],[180,275],[31,94],[172,244]],[[45266,70206],[48,48],[65,-163],[-104,-164],[-17,-139],[31,-81],[10,-201],[92,-35],[17,-42],[460,-225],[208,-90]],[[46076,69114],[-174,-192],[132,-215],[99,-277],[20,-86],[62,42],[51,-116],[0,-93],[47,-111],[112,9],[70,-79],[4,-97],[-31,-191],[7,-119],[40,-125],[-3,-141],[-75,-104],[-62,-191],[22,-184],[50,-223],[105,-193]],[[46552,66428],[11,-105],[76,-224],[10,-140],[48,-204],[-53,-166],[-85,-13],[-5,-77],[-44,-66],[-8,-104],[-69,-101],[42,-89],[53,-201],[-60,-70],[-30,20],[-79,205],[-182,-252],[57,-203],[21,-158],[125,-197],[2,-76],[103,-301],[52,-88],[-13,-80],[-192,-225],[9,-70],[-140,-106],[-195,-94],[81,-219],[44,-219],[109,-223],[83,-196],[-130,-102],[-97,-102]],[[46096,62182],[-25,54],[-54,-28],[-106,-163],[-97,167],[-60,-27],[-51,75],[-49,-97],[-109,-28],[-67,85],[-46,-161],[-13,-240],[-80,-112],[1,-176],[-38,-40],[38,-444]],[[45340,61047],[-139,-38],[-67,-174],[-110,-146],[-56,-131],[-66,-85],[-107,-65],[-142,7],[-47,180],[-11,339],[-72,-109],[-38,134],[-140,-56],[-57,-47],[-148,-14]],[[44140,60842],[32,234],[-123,130],[-55,81],[-46,-51],[-197,235],[-35,80],[-75,68],[-127,-82],[-65,135],[66,278],[-96,196],[-17,238],[-33,165],[-31,41],[-26,210],[99,123],[-41,89],[19,61],[-174,66],[-24,61],[23,131],[-75,-28],[-35,-263],[-247,316],[32,114],[-104,-68],[-136,46],[46,362],[40,212],[-102,-54],[-80,9],[-91,69]],[[46552,66428],[50,-12],[124,115],[2,69],[82,82],[94,59],[44,71],[34,-29]],[[46982,66783],[41,-91],[92,-29],[50,-158],[93,-157],[-40,-128],[-151,-252],[-6,-70],[87,-232],[36,-221],[29,-87],[92,-92],[63,35],[81,-28]],[[47449,65273],[-73,-186],[-3,-287],[-20,-40],[155,-148],[52,-14],[-14,-108],[-48,-93],[-15,-94],[84,-139],[49,4],[182,-81],[52,-77],[137,31],[172,-420],[-8,-96],[64,-115],[21,-94],[16,-219],[-16,-268],[-48,-329],[13,-231],[59,-123],[-2,-54],[-84,-172],[-4,-131],[-65,-92]],[[48105,61697],[-75,-99],[-110,20],[-180,-66],[-143,24],[-189,-2],[-85,-44],[-73,149],[-79,8],[-39,-85],[-46,-11],[-155,82],[-111,-28],[-94,-113],[-57,-3],[-90,-53],[-55,78],[-51,215],[-65,-29],[-93,188],[-52,78],[-167,176]],[[40517,71285],[0,70],[125,117],[-13,70],[61,80],[104,44],[127,288],[22,158],[28,33],[173,308],[26,16]],[[41170,72469],[21,-98],[113,-133],[130,-120],[-55,-255],[131,36],[55,-364],[53,-131],[65,-94],[213,-167],[264,-413],[400,-674],[73,-249],[26,-171],[86,19],[160,-35],[114,-51],[18,-50],[120,142],[6,76],[54,5],[55,155],[43,-76],[-10,-79],[27,-144],[-11,-53],[55,-170],[-10,-43],[93,-130],[137,34],[42,-93],[48,-193],[7,-256]],[[42231,65818],[-57,208],[-55,-49],[-52,396],[-30,108],[-61,57],[-202,80],[4,97],[-59,130],[-66,221],[-72,-109],[-64,-56]],[[46982,66783],[153,163],[24,99],[102,179],[12,93],[60,-12],[271,1],[169,-243],[95,-71],[50,66],[110,77],[69,99],[103,-130],[56,-122],[-81,17],[45,-149],[41,13],[267,-159]],[[48528,66704],[99,-237],[59,-29]],[[48686,66438],[-24,-103],[85,-126],[-253,-236],[-187,-13],[-171,-235],[-25,-155],[19,-83],[54,-47],[84,99],[66,-57],[54,-521],[-38,-221],[-45,-43],[-93,44],[-132,285],[-128,-12],[-128,82],[-85,-35],[-14,123],[-158,191],[-63,5],[-55,-107]],[[48664,73777],[82,-542],[2,-318],[-22,-132],[-42,2],[-73,-142],[32,-90],[-22,-128],[-63,-152],[-32,-31],[-145,-34],[-28,-95],[-63,-100],[58,-130],[-59,-86],[44,-58],[-103,-137],[29,-45],[2,-177],[-83,-126],[-79,-78],[54,-133],[10,-134],[-16,-103],[27,-74],[99,-112],[-50,-179],[-60,-138],[40,-114],[26,-158],[475,723],[79,-75],[104,-194],[167,230],[63,26],[35,-98],[-109,-113],[-131,-187],[118,-202],[-86,-74],[63,-108],[52,-158],[16,-129]],[[49075,69674],[77,-124],[90,-255],[73,-154],[-52,-127],[26,-43],[-61,-132],[-32,-198],[-46,-147],[-134,-240],[-81,-76],[44,-102],[-20,-152],[24,-130],[-84,-173],[-203,-36],[-153,-79],[127,-124],[65,-173],[66,-93],[48,-156],[-75,-78],[7,-177],[-93,-62],[-155,91],[-5,-30]],[[46076,69114],[16,91],[-124,117],[8,119],[-96,154],[30,133],[67,145],[26,130],[4,164],[40,61],[47,189],[86,83],[1,-124],[36,-194],[85,48],[28,-78],[51,-17],[96,203],[23,18],[122,-146],[43,132],[90,147],[51,158],[52,98],[-98,167],[-67,238],[-201,494],[-63,122],[-112,278],[-111,-186],[-91,240],[211,140],[51,47],[39,294],[144,66],[-53,105],[58,46]],[[42462,64046],[-4,-168],[-98,-380],[-167,-302],[-172,-248],[-88,-193],[-61,-318],[-9,-142],[8,-328],[30,-79]],[[41901,61888],[61,-239],[1,-108],[-35,-119],[-91,-73],[-31,43],[-40,185],[-68,149],[-41,169],[-94,0],[-61,-80],[-103,-75],[-70,-91],[-39,-7],[-103,87],[-102,0],[-87,-154]],[[40998,61575],[-59,37],[-15,119],[12,124],[-7,172],[-40,110],[-14,202],[-123,265],[-40,52],[-25,289]],[[40687,62945],[3,80],[-52,158],[17,138],[-22,102],[30,286],[-42,134],[35,333],[16,294],[6,357],[-12,130],[44,350],[-1,176]],[[48105,61697],[-8,-154],[90,-27],[168,-142],[72,166],[54,64],[69,21],[152,121],[40,54],[130,71],[189,10],[59,38]],[[49120,61919],[15,-115],[-55,-180],[-75,-77],[-18,-87],[-51,-15],[-85,-263]],[[48851,61182],[12,-197],[-75,-210],[18,-226],[126,-162],[5,-95],[43,-106],[-157,-349],[18,-93],[-40,-132],[179,-59],[137,-79],[-39,-161],[40,-20],[-2,-173],[15,-180],[-10,-379],[-32,-174],[-69,15],[-41,-107],[46,-74],[-53,-45]],[[48972,58176],[-404,80],[-81,-8],[-95,46],[-146,-36],[-173,-161],[-218,-52],[-127,-104],[-190,-36],[-129,-68],[-131,-96],[-220,-11],[-59,13]],[[46999,57743],[-6,232],[-154,162],[-131,15],[-71,50],[45,181],[31,61],[-97,277],[-392,-28],[-131,-33],[-46,54],[-224,-162],[-34,62]],[[45789,58614],[29,225],[-11,207],[29,231],[-23,126],[-52,163],[-20,177],[-57,35],[-38,214],[-27,67],[-108,90],[-24,119],[-62,600],[-56,63],[-29,116]],[[44140,60842],[-182,-120],[-106,169],[-60,4],[-106,-209],[-73,-68],[-83,-36]],[[43530,60582],[-118,-27],[-29,20],[-326,93],[-122,21],[-103,51],[-132,111],[-95,162],[-95,296],[-24,112],[-108,71],[-97,-20],[-28,245],[1,133],[-30,139],[-151,16],[-78,-13],[-94,-104]],[[43044,74974],[-82,-143],[-32,-142],[125,-103],[83,-96],[152,-502],[3,-80],[49,-119],[-53,-91],[55,-144],[-136,-77],[83,-296],[54,-236],[127,-291],[71,-111],[52,81],[120,-192],[50,19],[61,87],[-27,50],[38,78],[-42,81],[15,64],[85,108],[-26,50],[90,113],[151,23],[48,-54],[86,-193],[80,-262],[185,-265],[74,-55],[38,-106],[99,-79],[190,-229],[176,-154],[37,-127],[12,-122],[-6,-195],[15,-48],[-118,-158],[-95,39],[14,-299],[117,-52],[71,-220],[112,-182],[21,-138]],[[41170,72469],[73,45],[198,208],[81,166],[-130,116],[-139,170],[-57,169],[-55,116],[-52,35],[22,237],[49,157],[-31,170],[10,99],[190,72],[89,112],[110,-178],[68,97]],[[48686,66438],[125,23],[36,-18],[19,-137],[-11,-158],[-77,-124],[73,-38],[50,-75],[55,10],[2,73],[61,65],[71,-82],[55,-208],[30,-32],[165,-76],[111,-72],[113,154],[23,73],[85,54],[108,-363],[-13,-56],[-76,-39],[-98,-137],[-28,-524],[-22,-247],[-35,-80],[9,-84]],[[49517,64340],[-93,-2],[-37,-126],[11,-281],[-117,57],[-83,-109],[-79,-18],[18,-121],[-26,-117],[-209,88],[-45,-151],[6,-60],[137,-165],[80,-205],[152,-172],[118,-35],[99,-123],[21,-237],[-66,-74],[-107,-23],[-79,-72],[-85,-40],[-26,-77],[40,-138],[-25,-102],[-2,-118]],[[25703,65126],[120,63],[18,44],[180,112],[139,22],[-1,61],[173,45],[1,71],[-108,7],[-11,162],[-30,-5],[-37,239],[-8,134],[13,494],[-126,8],[-18,72],[-67,26],[9,187],[-62,-12]],[[25888,66856],[7,106],[49,84],[110,348],[904,23],[-266,-541],[47,-44],[159,-14],[153,9],[33,56],[141,-461],[219,135],[92,116],[151,19],[66,104]],[[27753,66796],[63,-11],[109,58],[55,-185],[74,-194],[-19,-62],[37,-127],[-12,-128]],[[28060,66147],[-54,-90],[-44,-7],[-28,-86],[31,-146],[-131,16],[-97,-363],[1,-150],[-25,-242],[-4,-154],[-122,4],[-47,-212],[-68,-23],[-81,69],[-99,-264],[-40,-337],[46,-22],[-38,-176],[-7,-203],[158,-130]],[[27411,63631],[-72,-82],[-116,-178],[-94,344],[2,78],[-41,45],[-75,6],[1,82],[-64,9],[-65,56],[-55,4],[-101,-83],[-45,180],[-77,237],[-40,-37],[-155,-42],[-20,44],[-185,-36],[-254,266],[-54,145],[-50,64],[-140,318],[-8,75]],[[27411,63631],[42,-53],[246,-208],[43,-157],[-6,-113],[75,-62],[31,-104],[1,-268],[154,-13],[42,-115]],[[28039,62538],[-114,-53],[173,-122],[-67,-210],[-48,-88],[8,-78],[60,-173],[94,-92],[98,-177],[23,-77],[64,-75],[-78,-409],[-38,-84],[-59,-53],[-32,-228],[-40,-183]],[[28083,60436],[-153,66]],[[27930,60502],[40,129],[-165,58],[-174,-6],[-119,32],[-17,65],[-146,15],[-152,132],[-46,-48],[-84,116],[-91,90],[-47,91],[-131,130],[-35,149],[-63,-66],[-21,78],[48,37],[-19,166],[-88,-48],[-15,147],[-70,-11],[-87,65],[-78,15],[-20,76],[-281,-54],[-44,-50],[-52,59],[-76,13],[-183,136],[-206,39],[-58,-5],[-89,95],[-70,20]],[[25291,62167],[-99,114],[-56,144],[72,13],[-2,125],[-32,223],[-105,40],[-4,129],[-74,57],[-49,118],[-15,103],[14,139],[-72,121],[-71,-5],[-37,227],[7,156],[85,19],[-35,258],[25,20],[-5,498]],[[24838,64666],[106,9],[6,60],[77,164],[66,66],[117,-43],[165,93],[172,53],[106,67],[50,-9]],[[28039,62538],[100,150],[109,-12],[158,-216],[21,-197],[62,121],[69,73],[84,154],[-62,78],[8,253],[26,449],[102,-7],[60,44],[31,103],[-23,113],[20,178],[34,153],[38,35],[-44,244],[-2,206],[-24,73]],[[28806,64533],[49,108],[51,39],[68,517],[119,-58],[18,100],[94,-59]],[[29205,65180],[43,-32],[-24,-108],[78,-95],[48,-131],[159,329],[34,-29],[102,331],[154,-160],[93,-62],[255,-286],[154,-108],[223,-180],[-40,-184],[58,-39],[241,-116],[100,-145],[22,28],[141,-112]],[[31046,64081],[-130,-304],[-84,-220],[-117,-340],[-62,65],[-194,71],[-86,72],[-64,14],[-46,82],[95,186],[-96,90],[-110,60],[-18,-136],[-68,-295],[-31,9],[-60,-161],[-65,81],[-64,-81],[-103,163],[-176,-196],[57,-87],[91,-244],[-15,-308],[-135,-166],[68,-157],[-180,-352],[89,-171],[-72,-277],[-186,128],[-141,-269],[-60,-141],[93,-101],[-179,-212],[-58,-140],[-263,-291],[-110,-215],[43,-403],[0,-72]],[[28609,59763],[-144,-110],[39,125],[-18,212],[-49,135],[-76,149],[-181,137],[-97,25]],[[25518,66969],[50,-59],[34,30],[74,-70],[78,72],[52,-63],[82,-23]],[[24838,64666],[-70,16],[-4,-86],[-48,-9],[13,169],[-269,310],[-11,73],[-183,5],[-18,41],[-82,-27],[-18,50],[-108,94],[-92,12],[-60,-71],[46,-197],[-170,114],[-125,57],[-258,73],[-101,8]],[[23280,65298],[-93,51],[0,295],[15,123],[-12,131],[-8,430],[27,30],[-37,140],[-86,138],[-65,27],[-59,113],[-42,138],[27,33],[-4,171],[14,142],[95,161],[-42,128],[3,140],[-69,166],[-67,48],[-76,201]],[[27609,74348],[154,-152],[94,19],[49,-28],[92,143],[73,-19],[20,135],[56,107],[13,130],[79,-82],[144,-191],[75,-284],[57,-140],[89,117],[72,-221],[170,106],[9,-112],[82,13],[38,-104],[173,-97],[100,-19],[46,42],[115,-41],[-4,-130],[56,-26],[82,129],[9,58],[143,38],[64,53],[73,-23],[111,15],[87,90],[30,-6],[142,175],[19,91],[209,311],[141,-253],[262,-423],[76,138],[241,-294],[46,52],[55,-4],[35,137],[-67,243],[16,105],[-51,6],[31,142],[83,3],[442,-139],[41,-33]],[[31781,74125],[14,-27],[126,201],[155,-195],[-2,-99],[34,-67],[-115,-141],[91,-200],[121,-173],[41,-204],[2,-146],[-72,-119],[-33,-112],[31,-141],[144,-127],[28,-103],[-38,-141],[-149,-47],[-73,-159],[-6,-114],[-91,-1],[-63,-56],[-124,25],[-26,-216]],[[31776,71763],[-23,-163],[-198,-226],[-38,-11],[-246,31],[-109,-597],[51,-188],[1,-115],[-26,-118],[-116,-344],[-139,-39],[-46,111],[-89,109],[-197,637],[-69,-54],[-472,28],[-184,-81],[-178,-21],[-254,152],[-358,179]],[[29086,71053],[-132,112],[-160,24],[-35,-144],[-47,-106],[-90,-19],[-148,102],[0,46],[-94,41],[-31,85],[-215,180],[-157,27],[-51,41],[-93,3],[-122,48],[-131,124],[-43,134],[24,96],[-43,117],[35,177],[-131,164],[-31,113],[-108,152],[-51,111],[-320,246],[1,80],[-33,176],[-29,38],[44,143],[131,87],[42,67],[3,83]],[[31403,77150],[-211,-59],[-61,-159],[189,-128],[77,51],[111,-82],[101,222],[62,-143],[-90,-137],[-1,-122],[73,-181],[17,-193],[-16,-27],[131,-178],[63,-31],[-10,-172],[14,-88],[-203,-98],[46,-139],[51,-86],[-53,-175],[26,-83],[72,-92],[-25,-53],[-25,-196],[97,-34],[54,-87],[-111,-555]],[[29205,65180],[26,270],[-44,17],[30,107],[-18,130],[-58,55],[9,320],[-28,29],[-34,146],[31,114],[-119,109],[-25,98],[-6,147],[-69,36],[1,221],[-57,411],[-28,99],[24,206]],[[28840,67695],[131,458],[-17,321],[41,113],[5,107],[-37,482],[-436,-131],[-128,-21],[-10,283],[53,11],[60,251],[120,554],[105,448],[362,467],[-3,15]],[[31776,71763],[321,-462],[196,-215],[130,50],[394,-147],[113,102],[63,-50],[45,87],[46,163],[41,-29],[64,129],[71,-70],[49,4],[143,-129],[45,-216],[74,-160]],[[33571,70820],[17,-191],[56,-136],[45,-57],[66,-376],[61,-253],[85,-95],[-1,-67],[74,-67],[17,-81],[64,-128],[35,-170],[4,-120],[64,-21],[23,-122],[-112,-193],[46,-12],[489,-218],[164,-42],[-12,-120],[-136,90],[-30,-104]],[[34590,68337],[-52,-185],[-107,-295],[38,-36],[127,-43],[-63,-97],[32,-58],[47,71],[72,-113],[-83,-121],[150,-274],[19,25],[73,-162],[-80,-109],[42,-154],[-97,-103],[-75,27],[-45,-119]],[[34588,66591],[-94,30],[-206,102],[-63,-110],[-52,56],[-39,-146],[-50,7],[-27,-228],[41,-60],[-62,-109],[43,-98],[-39,-134],[72,-19]],[[34112,65882],[3,-270],[47,-29],[20,-123],[-55,-233],[-72,43],[-65,-196],[-55,-89],[-105,70],[-30,-103],[57,-21],[16,-87],[-20,-114],[42,-29],[-60,-139],[47,-76],[-81,-114],[1,-125],[-221,-167],[45,-128],[-52,-32],[43,-121]],[[33617,63799],[-48,33],[-157,-192],[59,-79],[17,-76],[-112,-290],[-115,129],[-52,-103],[-70,89],[-159,-88],[-16,-58],[-88,-96],[-126,85],[-167,49],[-20,-55],[-2,-215],[14,-212],[21,-69],[-104,-50],[-18,125],[-163,15],[0,-175],[-153,-138],[16,-43],[-69,-102],[-96,-33],[-71,73],[-114,-166],[-34,42],[81,153],[-116,139],[-61,-121],[-73,113],[38,42],[-88,202],[61,243],[42,108],[-174,106],[21,134],[48,144],[84,-37],[-1,132],[-72,25],[-95,115],[43,90],[-65,72],[-39,102],[18,144],[-113,122],[-58,-25],[15,-79],[-105,28],[3,-99],[-29,-95],[-109,124]],[[27753,66796],[-72,96],[28,86],[-41,546],[61,-19],[36,62],[84,10],[62,59],[28,209],[36,-49],[117,45],[76,-52],[74,12],[41,-88],[74,-51],[130,18],[33,53],[164,-38],[96,-59],[60,59]],[[28806,64533],[18,134],[-128,60],[14,155],[-58,-26],[2,100],[-43,20],[11,112],[-170,9],[-18,-204],[-173,-44],[5,130],[84,474],[-55,24],[16,89],[-76,38],[-68,87],[55,180],[13,102],[42,105],[-90,88],[-52,-73],[-75,54]],[[25291,62167],[-77,-192],[-111,-170],[-204,44],[-60,116],[-38,-142],[-39,-66],[-171,-47],[-96,-105],[-21,70],[-109,204],[-92,141],[-68,154],[-95,-93],[-102,-37],[9,-81],[-73,13],[-18,112],[-65,5],[-148,-72],[-71,-74],[-173,15],[-172,-7],[-111,131],[44,102],[39,-10],[39,224],[-4,135],[-126,75]],[[23178,62612],[37,99],[1,92],[90,78],[24,110],[-36,134],[0,229],[23,181],[-17,178],[50,158],[5,94],[-55,118],[22,298],[-21,164],[-45,165],[23,46],[-55,156],[-1,213],[64,27],[-7,146]],[[27930,60502],[-30,-98],[-37,21],[-80,-54],[-67,13],[-116,78],[-56,-17],[14,-234],[-10,-115],[-72,-195],[-97,-11],[-104,-49],[-88,24],[105,307],[-38,254],[-190,147],[-53,1],[-70,-204],[-25,34],[-84,-138],[-91,30],[-58,67],[-117,-7],[-115,92],[-51,6],[-116,-48],[-99,21],[-96,-128],[-61,-18],[-91,139],[-43,-78],[-65,-280],[-73,58],[-155,5],[-17,59],[-203,87],[-51,-70],[31,-121],[-120,46],[-13,-111],[-68,22],[-6,-175],[-56,-43],[-17,-96],[7,-170],[-102,-181],[34,-68],[-11,-517],[-113,32],[-20,-335],[19,-163],[72,-126],[-56,-152],[25,-71],[-111,-218],[126,-268],[-92,-144],[-209,129],[-43,259],[20,70],[-64,112],[-58,23],[-51,88],[-57,33],[-44,-44],[5,-86],[-31,-98],[44,-72],[-28,-98],[144,-92],[56,-265],[-22,-180],[29,-57],[72,-37],[-286,-131],[-51,68],[-15,167],[-156,316],[-104,113],[-99,49],[-25,91],[53,122],[-190,163],[42,127],[90,2],[3,99],[-146,67],[-5,82],[-97,76],[18,112],[-59,87],[-112,96],[-31,99],[-17,166],[-87,-4],[-8,113],[-32,43],[102,290],[13,75],[-47,120],[-72,52],[13,51],[-125,99],[3,131],[-108,23],[53,295],[4,358],[-6,328],[-46,240],[-29,86],[-83,20],[-75,75],[-51,169],[33,60],[-1,240],[139,207],[63,143],[-1,95],[39,72],[52,233]],[[33617,63799],[34,49],[41,-75],[-95,-259],[45,-35],[-38,-100],[126,-218],[16,-227],[56,-291],[50,20],[32,-117],[90,-153],[-127,-114],[29,-119],[64,-134],[30,-258],[43,-156],[-86,-33],[17,-80],[-65,-30],[11,-79],[-128,-112],[147,-252],[-148,-202],[-30,81],[-130,100],[-27,-160],[52,-82],[-345,81],[-24,-52]],[[33257,60792],[-108,57],[-45,-168],[-121,33],[-79,-249],[66,-96],[-83,-38],[-98,-128],[-83,42],[-156,-60],[-46,47],[-60,-183],[-70,58],[-82,6],[-37,-73],[-104,-106],[-25,-114],[0,-123],[-84,-54],[-47,118],[-129,108],[-94,48],[-54,136],[-55,-299],[-107,-213],[-52,59],[70,136],[-26,31],[47,220],[-11,218],[-433,-393],[-90,-56],[-64,-85],[-1053,-967],[-49,44],[-67,-95],[-77,-51],[-48,44],[-38,-62],[-98,134],[-65,-41],[-238,-100],[-14,120],[72,-5],[77,85],[-39,45],[22,184],[-16,93],[7,153],[-75,-56],[-23,104],[61,24],[-30,239],[-94,-72],[6,-59],[-101,-80],[-33,50],[-100,-75],[-99,41],[-188,168],[-90,97],[2,130]],[[39395,77591],[-121,-84],[-48,132],[1,316],[-64,-42],[-32,-76],[-179,57],[-32,-24],[-37,-142],[6,-136],[60,-138],[60,-22],[28,-59],[22,-194],[-26,-77],[-64,-58],[-86,-168],[-73,-235]],[[38810,76641],[-88,20],[-35,-48],[-49,28],[-93,-51],[-112,87],[-142,159],[49,89],[-103,127],[43,116],[-99,79],[-63,120],[30,56],[-160,159],[-33,-51],[-65,78],[-73,-169],[4,-91],[-118,-165],[-84,73],[-209,-86],[-28,-36],[-49,95],[63,112],[-12,66],[-120,104],[-50,-93],[-31,-176],[-58,-112],[-40,-136],[-58,-85],[-108,-255],[-75,-87],[-166,-132],[-150,-82],[-12,-135],[-43,2],[-141,-85],[-13,-166],[-25,-77],[-189,-246],[-93,-161],[-51,-143],[-30,15]],[[35931,75358],[-242,237],[-130,76],[-146,28],[-46,299],[-75,149],[-81,335],[-4,259],[-85,179],[-59,204],[-152,215],[-100,77],[-123,224],[-141,148],[-169,293],[29,38],[-87,163],[31,87],[-15,162],[-91,159],[177,159],[12,57],[-38,84],[18,89],[99,156],[-13,108],[-131,197],[-101,21],[-110,114],[-36,105],[-45,34],[-12,94],[-156,71],[-97,120],[-112,-68],[-87,39],[-116,-122],[-25,80],[-135,71],[-52,82],[-71,46]],[[33571,70820],[53,209],[108,107],[48,-51],[57,112],[60,68],[81,18],[212,6],[70,21],[100,-9],[95,-42],[70,272],[12,183],[-5,225],[-56,431],[-11,214],[75,133],[27,101],[139,179],[126,38],[201,-76],[19,-65],[103,18],[71,46],[6,80],[159,-57],[30,-50],[124,24],[74,57],[130,28],[67,120],[49,185],[34,73],[135,116],[64,168],[37,261]],[[36135,73963],[111,74],[25,-25],[149,79],[224,-118],[10,-95],[152,-88],[104,-138],[51,26],[106,-194],[94,-58],[117,-190],[70,-170],[-21,-30],[96,-230],[166,-121],[102,-136]],[[37691,72549],[-24,-134],[-45,-129],[-90,-394],[-74,-129],[-177,137],[-65,22],[-65,93],[-127,-131],[-174,21],[-100,102],[-94,-92],[36,-241],[1,-88],[-78,-32],[-12,93],[-60,-36],[-67,-108],[-62,0],[-44,-55],[-25,-182],[-44,-29],[-50,-187],[-99,-222],[49,-107],[-31,-46],[29,-91],[-358,-176],[-274,-153],[21,-159],[-37,5],[-2,-508],[-54,-212],[27,-114],[21,-298],[-102,-149],[-67,-143],[-41,-147],[-149,-127],[-106,-178],[-82,39],[1,133],[-59,63],[-214,-280],[-133,74],[-1,83]],[[35931,75358],[0,-153],[19,-131],[104,-187],[12,-217],[48,-278],[-19,-250],[40,-179]],[[38810,76641],[-82,-323],[23,-75],[-50,-74],[118,-109],[59,-119],[-40,-165],[-106,-272],[-70,-20],[-91,-86],[-22,-71],[17,-95],[-15,-142],[40,-94],[70,0],[41,-58],[-9,-122],[40,-160],[56,-125],[-44,-72],[43,-321],[-56,-39],[-7,-194],[-163,-172],[-27,-59],[-160,-60],[-71,-53],[-86,-10],[-94,98],[-88,0],[-93,-64],[-54,62],[-52,-125],[30,-50],[-67,-134],[31,-42],[-80,-427],[-26,-74],[-34,-246]],[[40370,70527],[-58,61],[-70,191],[-59,71],[-70,-100],[-79,116],[-99,-145],[-86,46],[-8,96],[-147,207],[39,208],[-113,-3],[-37,99],[26,185],[34,40],[-167,173],[-131,177],[23,71],[-54,39],[20,122],[61,-65],[32,109],[-55,95],[-117,-62],[-165,-220],[-120,-74],[-189,0],[-82,-36],[-79,-78],[-213,-290]],[[38407,71560],[-43,97],[-100,160],[-206,247],[-172,288],[-52,70],[-143,127]],[[39977,68780],[-53,-42],[-113,-157],[-85,61],[-56,-26],[-18,80],[-69,55],[4,121],[-62,114],[-58,-20],[-16,-82],[-99,-19],[-123,94],[-275,-358],[-69,-223],[-181,-54],[-12,37],[-110,-14]],[[38582,68347],[-49,55],[5,70],[74,107],[84,212],[87,24],[55,286],[81,59],[-204,60],[-119,240],[-43,55],[4,-244],[-53,9],[-92,169],[19,249],[-88,240],[-148,210],[52,95],[40,128],[87,184],[-47,118],[43,183],[-79,49],[-64,237],[84,271],[96,147]],[[40687,62945],[-101,-55],[-67,-64],[-247,-46],[-9,-69],[-72,-175],[-133,-36],[-84,181],[-67,-128],[-184,-62],[-118,-62],[-90,-116],[-54,7],[-32,65],[-152,-3]],[[39277,62382],[-115,100],[35,108],[-49,48],[-8,100],[-111,155],[-49,22],[160,435],[28,254],[38,151],[-62,67],[30,106],[-167,243],[-147,125],[211,77],[136,114],[157,56],[46,115],[32,292],[101,314],[2,126]],[[39545,65390],[120,83],[55,-20],[129,69]],[[37111,50646],[-10,99],[98,29],[21,70],[65,-50],[32,29],[-19,157],[20,61],[57,-17],[135,547],[44,212],[7,110],[212,309],[125,267],[131,-63],[36,68],[93,-13],[51,91],[9,85],[72,116],[71,31],[63,86],[66,151],[35,31],[115,208],[49,353],[-15,139],[-86,156],[-68,54],[-12,126],[-91,364],[-14,106],[-87,132],[-8,76],[-59,-11],[-53,93]],[[38196,54848],[30,63],[20,167],[77,-32],[19,63],[105,55],[-15,132],[70,30],[53,-63],[84,83]],[[38639,55346],[163,117],[381,-21],[147,-25],[260,-16],[79,34],[55,80],[78,47],[16,180],[28,117],[124,250]],[[39970,56109],[114,137],[11,68],[88,-23],[49,-112],[64,-34],[76,10],[82,-80],[164,-31],[248,-241],[110,-117],[44,-78],[-143,-125],[-18,-197],[381,-39],[-42,-148],[52,-54],[-81,-318],[-57,-126],[-4,-160],[20,-76]],[[41128,54365],[-19,-77],[-108,-181],[-29,95],[-121,-141],[-79,3],[6,-65],[-56,-105],[-106,-130],[-105,-209],[84,-154],[-70,-90],[23,-77],[-65,-110],[47,-39],[76,55],[148,-98],[13,-208],[79,-145],[126,-90],[73,4],[71,-43],[-9,-103],[33,-159],[107,-37],[91,27],[68,-103],[50,-131],[235,-72],[93,-80],[83,-154],[278,-201]],[[42145,51547],[-9,-65],[33,-105],[-34,-208],[-66,-90],[-105,-268],[33,-38],[-36,-313],[-82,-112],[-75,-41],[18,-70],[-153,-195],[-104,-36],[-42,50],[-78,-26],[-224,160],[-348,-117],[-252,-166],[35,-532],[-78,-154],[-16,-101],[-2,-219],[195,-42],[48,-30],[-129,-420],[-52,-241],[8,-85],[217,-50],[76,20],[48,-319],[10,-283],[-136,55],[-38,-13],[-30,-92],[-111,-67],[-90,1],[-58,-55],[3,-111],[70,-63],[-38,-116],[-90,-74],[-37,-134],[28,-68]],[[40454,46714],[-143,102],[18,104],[-160,168],[1,113],[-47,3],[-161,160],[-219,-4],[-129,209],[-94,208],[-64,58],[-123,42],[-143,235],[-9,-31],[-163,65],[-16,186],[52,176],[23,206],[64,92],[-93,10],[-148,-36],[-147,-126],[-101,-127],[-70,158],[-78,-44],[-19,53],[-3,292],[-30,62],[33,173],[-13,43],[-123,99],[-120,58],[-65,58],[84,102],[57,16],[63,311],[-15,66],[20,151],[42,107],[-93,16],[-78,-30],[-83,16],[-147,113],[-323,181],[-59,86],[-335,102],[-32,-49],[-154,-21]],[[38696,39927],[60,65],[118,197],[62,198],[19,150],[-10,149],[-72,341],[-79,222],[-8,291],[-124,41],[-98,138],[-12,193],[-71,233],[-118,181],[-85,-60],[-60,162],[-96,123],[-17,99],[22,57],[160,218],[-27,65],[-272,21],[18,192],[137,326],[43,161],[-45,55],[15,236],[-21,245]],[[38135,44226],[129,48],[56,-25],[50,-76],[80,70],[55,10],[59,-59],[78,-24],[181,52],[54,70],[76,156],[129,99],[53,-112],[71,-35],[57,52],[56,-40],[73,84],[104,-9],[47,74],[55,26],[39,-100],[55,29],[45,-40],[67,76],[73,-184],[204,-269],[54,10],[27,-58],[118,94],[67,-40],[30,-98]],[[40377,44007],[81,-108],[99,-25],[47,53],[158,-6],[62,68],[101,-36],[66,9],[62,-74],[95,-14],[70,105],[76,66],[94,46],[78,-48],[121,-1],[106,-59],[112,17],[48,-27],[161,21],[23,-156],[4,-293],[25,-293],[5,-828],[10,-465],[67,0],[49,-65],[-10,-124],[56,-146],[-145,-53],[5,-33],[164,-107],[302,-86],[156,160],[326,307],[-11,288],[12,89],[-32,190],[6,103],[64,36],[41,209],[-29,307],[63,66],[145,-47]],[[43310,43053],[76,-513],[1,-190],[28,-119],[-23,-225],[52,-246],[-4,-103],[18,-212],[66,-219],[-47,-284],[-38,-520],[-29,-183],[48,-347],[80,-14],[-19,-144],[48,-127],[-88,-311],[-80,-159],[10,-117],[41,-38],[55,-124],[50,40],[158,202],[28,-73],[-14,-139],[138,113],[90,-308],[-22,-219],[-29,-13],[-29,-214],[-6,-144],[44,17],[16,-153],[27,-93],[19,-247],[-11,-142],[41,-377],[48,-296],[65,-564],[6,-178],[-67,-512],[9,-157],[37,-142],[73,-130],[30,-156],[29,-304],[123,-402],[125,-305],[189,-401],[136,-553],[37,-206],[66,-245],[10,-97],[52,-213],[-93,-266],[-52,-108],[-49,-174],[-95,-139],[-80,-169]],[[44604,31391],[-270,242],[-98,36],[-31,96],[-80,-15],[-189,78],[-94,78],[-131,9],[-59,-58],[-83,41],[-60,-16],[-28,-72],[-60,7],[-44,131],[-77,39],[-67,72],[2,76],[-37,102],[-44,43],[-33,-78],[-92,-69],[-128,-68],[-122,36],[-109,68],[-86,10],[-128,-16],[-30,-40],[-81,31],[-32,-24],[-89,124],[-67,187],[-64,110],[-59,54],[-86,213],[-103,125],[-68,-58],[-121,-14],[-57,54],[-225,105],[-146,166],[-78,153],[-71,-25],[-29,-67]],[[41050,33257],[-30,119],[-19,203],[22,174],[123,336],[-30,198],[38,311],[25,138],[110,298],[-1,157],[-140,-24],[-94,-40],[-160,-114],[-93,18],[-55,61],[-150,3],[-164,1197],[-23,47],[-289,316],[-54,-105],[-50,-7],[-55,72],[-74,-16],[-75,24],[-82,-29],[-22,64],[35,124],[-7,122],[-36,130],[-49,87],[-78,1],[-70,104],[-243,-274],[-80,-180],[-44,-56],[-146,-90],[25,102],[101,62],[-67,573],[-92,17],[-35,196],[-1,95],[70,310],[71,94],[155,350],[-98,9],[-55,395],[-163,-41],[3,126],[-26,60],[-24,260],[-35,50],[-20,185],[-103,458]],[[38196,54848],[-38,33],[-109,-6],[-30,-64],[-88,-24],[-116,92],[-195,32],[-39,-65],[-94,75],[-42,-10],[-14,108],[-64,133],[42,187],[6,236],[-205,16],[25,243],[-205,59],[-43,-283],[-137,17],[-54,-45],[38,-109],[-34,-129],[26,-69],[-81,-137],[-88,-95],[-1,-95],[29,-100],[107,-47],[108,-94],[127,-38],[31,-173],[65,-86],[9,-55],[69,-44],[-29,-497],[-75,-4],[-40,-143],[-250,-70],[-122,15],[-60,100],[-69,31],[-243,-118],[-43,41],[-12,156],[78,18],[26,241],[-47,127],[-82,46],[-15,93],[35,89],[39,444],[-130,4],[-103,-23],[-101,-49],[-71,282],[97,204],[-7,114],[26,285],[-9,156],[-82,678],[-126,176],[20,114],[-53,140],[-78,-133],[-69,55],[-60,-80],[-76,306],[-87,212],[-103,193],[-85,112],[-45,-109],[-65,75],[-159,-78],[-87,-78],[-31,-79],[-76,-43],[-49,41],[20,107],[-14,204],[-20,81],[7,208],[-11,177],[-207,244],[-107,225],[-46,211],[-70,66],[-164,86],[-57,4],[2,167],[-53,30],[21,283],[-155,19],[-121,-9],[-39,44]],[[33669,59502],[53,113],[30,-37],[64,190],[71,67],[3,103],[115,16],[131,113],[38,-83],[60,105],[29,-91],[74,177],[87,-92],[38,97],[53,-110],[139,-233],[89,-198],[106,-283],[197,-418],[74,61],[137,224],[160,-302],[68,39],[158,-72],[18,-56],[75,24],[135,-12],[162,37],[154,-53]],[[36187,58828],[78,1],[70,-34],[60,-218],[75,-137],[49,-1],[189,-302],[83,-30],[48,106],[131,70],[82,-4],[22,-58],[-25,-94],[14,-97],[169,-29],[-22,-111],[70,-67],[22,45],[187,-244],[23,-89],[91,-75],[-13,-59],[89,-39],[147,30],[164,81],[51,-36],[23,-143],[-2,-104],[-37,-165],[39,-315],[82,-184],[98,-76],[-65,-207],[187,-305],[-44,-43],[5,-89],[60,-117],[143,-180],[109,-163]],[[42145,51547],[66,237],[73,69],[64,116],[24,92],[163,136],[44,179],[158,232],[25,68],[155,-99],[11,-84],[74,30],[19,-123],[81,5],[0,-60],[221,46],[39,-145],[-5,-128],[20,-84],[96,-27],[42,-52]],[[43515,51955],[33,-17],[166,10],[-47,-154],[-14,-106],[28,-101],[2,-146],[-116,-19],[45,-141],[-54,-24],[-32,-141],[19,-108],[72,-128],[-73,-44],[13,-118],[101,-117],[-53,-96],[-76,41],[-88,-144],[22,-28],[-17,-193],[70,-225],[-62,-211],[-66,-96],[21,-94],[79,-133],[-55,-153],[20,-88],[104,0],[19,-353],[-13,-138],[54,-64],[-32,-122],[-64,-95],[-23,-116],[-180,-111],[-83,-116],[-75,-64],[-133,-188],[-121,-35],[-28,-58],[-77,3],[-191,-159],[38,-221],[28,-262],[39,-141],[-57,-37],[60,-333],[76,48],[45,-26],[173,-20],[6,-290],[133,34],[69,-152],[44,-50],[94,-366],[10,-113],[-13,-140],[-70,-290],[-37,-108],[53,-110],[57,-36],[11,-209],[43,-75],[86,7],[27,-125],[90,-72],[41,-137],[-14,-71],[64,-100]],[[43706,44170],[-97,-89],[-35,-270],[-46,-77],[-109,-121],[-58,-109],[-41,-250],[-37,-61],[27,-140]],[[40377,44007],[244,9],[-30,106],[44,64],[81,36],[50,59],[11,103],[-15,229],[133,43],[10,144],[95,56],[0,152],[-47,37],[-75,234],[-26,182],[-13,209],[25,98],[-11,155],[22,173],[-110,51],[-63,58],[-39,94],[-57,57],[-92,-2],[23,252],[-83,108]],[[40998,61575],[-69,-61],[-65,-13],[-38,-98],[-122,67],[-37,82],[-8,104],[38,174],[-91,183],[-38,-149],[-87,-596],[-39,-152],[-88,-498],[0,-241],[-14,-158],[-49,-196],[-38,43],[-67,-6],[-45,-207],[-8,-152],[-38,-105],[-59,-25],[-24,-86],[-125,-23],[-25,-93],[-53,38],[-36,-115],[-57,17],[-32,-181],[-109,167],[-91,-1],[-21,93],[-49,88],[59,156],[-99,-63],[-94,-173],[-94,-251],[-53,-101],[-74,17],[-87,-49],[-27,-60],[-14,-390],[18,-261],[-22,-113],[-98,-99]],[[38829,58088],[-63,-50],[-122,-19],[-95,73],[-26,117],[80,164],[-11,149],[-60,55],[-72,-16],[-88,-81],[-44,28],[-80,216],[-85,-23],[-27,93],[-94,-60],[-36,72],[-198,-50],[-11,169],[-28,191],[-8,268],[-29,60],[-125,661],[28,11],[45,158]],[[37680,60274],[158,-120],[140,217],[-6,252],[-31,61],[11,125],[-26,102],[44,27],[52,110],[150,88],[48,-110],[69,-47],[169,201],[62,47],[55,-90],[42,-126],[206,-125],[-5,-60],[80,-124],[123,1],[28,87],[-29,157],[-72,100],[33,74],[-323,315],[66,222],[51,70],[58,265],[-65,60],[-33,-107],[-100,79],[113,328],[37,64],[64,-109],[80,-18],[24,72],[215,-202],[109,222]],[[36187,58828],[66,103],[24,190],[78,90],[-25,44],[67,103],[32,-59],[69,103],[33,188],[63,79],[-35,51],[36,78],[124,66],[38,-10],[8,392],[-7,186],[-32,9],[-5,275],[-42,75],[-9,164],[110,143],[-19,42],[69,154],[39,-32],[68,122],[78,-108],[43,17],[81,-67],[77,113],[180,-97],[79,0],[2,-142],[43,-16]],[[37520,61084],[71,-155],[-39,-111],[86,-68],[-66,-111],[80,-97],[55,-101],[-27,-167]],[[38829,58088],[0,-144],[88,0],[28,-78],[-18,-84],[196,-63],[89,-75],[-13,-65],[68,-143],[-118,-83],[6,-127],[64,-141],[-27,-85],[-73,10],[55,-155],[-30,-95],[147,-155],[61,-219],[17,-281],[32,-196],[63,-12],[-2,144],[32,76],[-41,47],[37,107],[46,-50],[63,153],[26,120],[76,-115],[-3,-100],[119,-78],[40,16],[113,-108]],[[41050,33257],[-99,-68],[-57,-106],[-57,-15],[-34,-62],[-51,18],[-184,-50],[-133,17],[-64,-26],[-46,64],[-116,-51],[-127,77],[-95,-5],[-121,-93],[-57,18],[-78,-35],[-99,4],[-101,-63],[-14,-55],[-138,10],[-53,-59],[-81,1],[-65,-164],[-114,-92],[-78,16],[-114,-22],[-101,110],[-108,-52],[-11,-52],[-110,-45],[-154,51],[-17,-43],[-72,34],[-173,-48],[-36,-66],[-54,-5],[-21,-91],[-79,96],[4,125],[29,110],[-16,188],[9,91],[47,37],[22,127],[-46,137],[-100,29],[-64,104],[-121,64],[-52,62],[-183,43],[-62,121],[-18,138],[-72,108],[-91,20],[-80,-15],[-79,-84],[-78,31],[-38,-50],[-116,-6],[-89,-81],[-69,143],[-90,-43],[-57,11],[-90,130],[-15,71],[103,56],[69,178],[11,93],[115,89],[75,-14],[102,303],[41,273],[106,153],[-36,392],[-81,104],[-114,-154],[-267,287],[63,132],[-31,64],[-63,5],[18,121],[-121,83],[-28,-27],[-50,231],[-44,57],[-8,254],[-16,83],[20,196],[232,567],[-4,128],[124,109],[49,154],[17,135],[35,28],[-2,155],[132,346],[55,80],[52,151],[-3,62],[47,93],[63,-97],[65,-6],[177,-86],[22,-85],[153,65],[139,98],[46,111],[107,10],[6,67],[119,-72],[37,122],[-26,29],[59,151],[56,203],[247,101],[308,212],[97,121]],[[43530,60582],[-338,-797],[-107,390],[-141,-371],[-120,-403],[-4,-127],[64,-309],[-66,-42],[-96,41],[-82,-279],[-39,-173],[-68,26],[-61,-75],[80,-192],[51,-54],[-164,-124],[-72,-139],[39,-107],[-87,-121],[-18,-83],[-118,-176],[88,-271],[-21,-80],[125,67],[53,-281],[-12,-85],[61,-336],[203,134],[17,-205],[82,24],[39,-106],[-27,-182],[37,-48]],[[42828,56098],[-42,-216],[39,-100],[-28,-214],[-64,-28],[-112,-146],[6,-110],[-74,-167],[9,-71],[-51,-139],[-117,61],[7,116],[-92,-8],[7,69],[-271,27],[-48,-154],[-122,39],[-65,-100],[-72,135],[-64,-3],[-59,-216],[53,-41],[-25,-91],[-164,64],[-54,-29],[-33,-106],[48,-176],[-45,-76],[-34,67],[-65,-119],[-101,84],[6,75],[-51,31],[-22,-191]],[[45789,58614],[-59,-80],[-6,-154],[-31,-56],[4,-223],[-64,-184],[-130,-202],[-35,-77],[57,-148],[15,-95],[-82,-144],[-85,13],[-89,-251],[-92,0],[-50,88],[-199,140],[-192,-44],[-85,31],[-45,115],[-51,57],[-41,-123],[-68,-40],[-68,3],[-57,-136],[-68,19],[-37,62],[-128,48],[-67,3],[-82,70],[-68,16],[-141,138],[-55,-85],[53,-40],[-31,-119],[67,-172],[39,-42],[-164,-421],[3,-117],[-134,-250],[-77,-42],[-36,-84],[-92,-119],[-114,61],[-130,14],[-28,-110],[-64,59],[-75,111],[-79,-6]],[[38135,44226],[-60,177],[-45,36],[-20,151],[92,292],[-54,108],[-58,51],[-255,-100],[-169,-43],[-164,-5],[-273,104],[-251,51],[7,-143],[-45,-116],[-9,-130],[23,-60],[-44,-72],[-65,67],[-205,1],[-209,114],[-156,110],[-27,94],[-95,184],[85,324],[56,22],[78,120],[11,124],[-22,91],[45,163],[-6,71],[32,211],[270,440],[60,-1],[54,115],[65,77],[44,148],[-9,159],[2,344],[20,139],[-216,92],[32,87],[51,347],[69,91],[5,67],[70,115],[10,333],[43,96],[-39,72],[-16,140],[19,37],[74,-60],[26,101],[10,298],[-12,263],[-119,155],[-94,308],[4,137],[-23,138],[106,139],[73,-4],[131,48],[69,2]],[[17599,73047],[-76,0],[-184,-79],[-76,214],[-25,139],[-70,269],[-138,6],[13,-106],[-70,-75],[47,-107],[-25,-97],[-82,-73],[-32,-77],[-121,138],[-31,268],[-58,27],[5,172],[47,32],[-53,165],[50,110],[-16,120],[-207,77],[-73,-18],[-52,70],[-139,306],[-56,220],[-34,5],[-41,241],[-73,147],[-64,188],[-91,-58]],[[15874,75271],[26,51],[-22,168],[49,87],[213,190],[86,-107],[67,65],[15,66],[-46,84],[-41,183],[11,87],[69,165],[-42,51],[134,273],[108,251],[115,-158],[170,-154],[15,-87],[92,36],[30,64],[83,72],[74,1],[54,75],[69,14],[72,111],[96,112],[63,-106],[29,-111],[85,-46],[23,-98],[189,-105],[-40,-223],[135,-24],[82,-44],[32,-123],[43,-9],[-32,-249],[-28,-96],[58,-68],[-24,-202],[49,-99],[128,-44],[28,40],[80,-57],[-24,-88],[-56,33],[-35,-203],[100,-72],[160,102],[157,-39],[232,4],[92,150],[117,-151]],[[19014,75043],[-113,-159],[-106,-125],[-1,-50],[131,-48],[-26,-113],[50,-44],[-35,-85],[86,-46],[38,-58],[81,-15],[67,-137],[67,-66],[-119,-129],[-5,-130],[-38,-91],[-76,-93],[-38,52],[-166,-272],[69,-129],[-56,-98],[-40,46],[-90,-86],[-79,-127],[-188,-131]],[[18427,72909],[-161,-79],[-62,-91],[-91,132],[-118,89],[-139,62],[-125,142],[-26,-70],[-86,-5],[-20,-42]],[[19269,82117],[-93,-119],[-98,-61],[-100,-33],[-82,-81],[-181,-109],[-130,-111],[-66,-90],[-150,249],[-103,65],[-25,-54],[-87,-35],[-65,-82],[-50,-20],[-73,131],[-43,115],[-122,-135],[-85,112],[-107,80],[-42,95],[-177,155],[-37,-8],[-8,161],[48,108],[2,73],[-161,84],[-86,171],[-184,100],[-65,172],[-43,10],[-149,132],[-100,31],[-16,184],[51,231],[-135,139],[-171,115],[-72,146],[-90,73],[-34,-140],[-45,36],[-47,-71],[-170,-158],[-74,-101],[-49,-126],[-45,-29],[-82,-131],[-9,-60]],[[15619,83331],[-136,-142],[-177,1],[-71,-20],[-36,123],[16,180],[63,169],[7,245],[-35,147],[38,117],[3,245],[-20,126],[118,263],[92,-50],[146,224],[-144,134],[41,67],[-49,126],[-57,64],[-129,52],[21,123],[-64,64],[-154,215],[-150,170],[85,150],[-352,291]],[[14675,86415],[80,143],[17,163],[112,126],[367,53],[123,75],[88,-9],[49,49],[-60,75],[4,63],[150,0],[28,41],[-42,93],[31,180],[49,26],[32,107],[52,58],[-49,91],[43,149],[-19,128],[70,148],[39,30],[114,16],[95,-19],[95,-52],[138,0],[109,53],[-8,73],[108,97],[47,-55],[46,19],[42,105],[-68,148],[27,113],[-65,44],[-14,65],[66,82],[34,-116],[74,-40],[56,21],[-10,77],[-80,38],[12,92],[69,75],[126,-11],[25,-103],[133,39],[59,63],[72,-24]],[[17141,89004],[134,-356],[67,48],[90,-136],[38,-115],[81,-149],[30,-242],[106,-43],[22,-128],[115,-143],[182,-41],[127,-62],[-36,-70],[-64,-239],[8,-115],[-53,-137],[-111,-198],[-126,-126],[-239,-268],[-49,-85],[-9,-91],[66,-219],[43,-73],[74,64],[107,-115],[81,11],[16,-56],[136,-205],[78,-467],[45,-93]],[[11304,85824],[103,44],[51,50],[119,62],[75,-7],[173,90],[104,13],[150,104],[93,43],[46,-79],[80,-74],[134,53],[44,146],[110,116],[93,-170],[92,-77],[78,-155],[52,77],[13,89],[55,87],[99,48],[81,-76],[47,98],[93,98],[29,-57],[81,-1],[25,58],[87,80]],[[13511,86484],[73,-127],[-25,-169],[25,-39],[48,-199],[-31,-45],[59,-131],[-83,-158],[27,-45],[-28,-279],[-118,-179],[-37,-150],[-80,11],[-64,-198],[-255,-285],[3,-117],[-97,-191],[97,-27],[147,-108],[77,-141],[90,52],[20,-139],[34,-1],[23,-106],[-14,-120],[30,-101],[32,-190],[75,-242],[101,-69],[113,95],[53,-113],[-17,-137],[97,-15],[70,44],[-55,-218],[-22,-157],[-29,5],[9,-513]],[[13859,81982],[-33,-18],[19,-148],[-72,30],[-96,-28],[-20,91],[-154,-46],[-24,105],[-95,-49],[-52,115],[47,71],[-140,154],[-98,74],[-94,-160],[-54,-23],[-70,144],[2,66],[-126,59],[-68,106],[24,60],[-43,99],[-119,-137],[-51,-88],[-79,-45],[-16,-63],[-128,-53],[-69,6],[-69,-56],[-72,-212],[-109,-96],[-53,66],[-52,-53],[-168,-7],[-8,-68],[-89,-4],[-26,47],[-111,-193],[-67,-9],[-89,-159]],[[11337,81560],[-178,423],[33,89],[8,160],[24,14],[-11,195],[20,44],[-41,219],[103,111],[75,48],[28,76],[122,148],[54,-13],[156,134],[86,18],[28,111],[-92,84],[-39,209],[-62,117],[28,119],[-87,76],[-2,62],[-72,176],[25,98],[218,19],[-54,137],[-29,193],[41,168],[29,202],[-14,59],[-169,93],[-104,132],[39,89],[-98,190],[23,25],[-121,239]],[[15619,83331],[4,-251],[-62,-140],[-19,-261],[-72,-270],[29,-4],[9,-290],[-45,-248],[-95,53],[-36,-72],[-61,56],[-103,-119],[-84,-169],[-85,-107],[-140,-70],[-51,-53],[-132,-73],[-97,-98],[-121,-24],[-287,5],[40,248],[55,-61],[49,48],[95,249],[-79,24],[-41,-90],[-48,-13],[-130,-149],[-73,61],[-54,173],[-40,185],[10,169],[-96,-58]],[[13511,86484],[55,24],[93,-80],[56,-111],[142,-214],[58,-7],[98,43],[34,-103],[114,-61],[39,14],[17,-116],[103,-78],[219,-216],[4,259],[22,109],[44,59],[83,200],[-59,35],[-1,69],[43,105]],[[21680,70111],[-185,429],[-31,52],[-292,-331],[-93,-81],[-229,-60],[-131,50],[-59,99],[5,138],[-92,112],[-83,29],[-29,75],[58,74],[-37,78],[-90,77],[-130,-171],[-104,-51],[-81,68],[-188,-83],[-126,8],[-23,-62],[-62,14],[-59,-126],[-68,-37],[-116,43],[-25,39],[-106,0],[-68,-47],[-144,15],[-217,-298],[-125,-17],[-54,-110],[-47,0],[-114,-103],[-66,-85],[-37,91],[-6,143],[-46,220],[55,100],[-90,305],[104,270],[116,214],[-10,85],[88,46],[72,70],[188,303],[16,135],[-34,40],[57,187],[22,164],[-16,100],[56,137],[-41,69],[-188,76],[-81,163],[-107,14],[-28,104],[-47,-25],[-85,49]],[[19014,75043],[56,81],[52,160],[19,129],[60,-31],[77,252],[63,-15],[6,138],[57,152],[71,258],[172,42],[27,180],[77,41],[77,-93]],[[19828,76337],[61,-57],[-70,-185],[26,-22],[-38,-163],[83,-57],[187,-200],[48,78],[54,-36],[40,68],[63,19],[110,136],[-44,222],[87,115],[133,-92],[144,-183],[1,-98],[-55,-44],[152,-223],[-12,-99],[60,-14],[39,-61],[48,47],[80,-186],[-113,-178],[-5,-82],[138,-135],[31,59],[51,-66],[51,68],[68,-133],[39,64],[102,-123],[53,18],[27,127],[75,12],[24,92],[74,24],[85,69]],[[12304,74738],[114,159],[109,-241],[101,145],[68,21],[33,196],[34,108],[76,131],[116,76],[96,-45],[25,37],[47,211],[43,-11],[29,159],[-17,93],[54,54],[135,69],[72,11],[19,-79],[112,34],[-19,-72],[13,-102],[-79,-29],[69,-201],[13,-138],[65,118],[41,-50],[50,29],[53,-180],[85,112],[57,-60],[183,9],[59,-118],[103,172],[68,-66],[64,32],[66,-22],[36,198],[82,-70],[-21,-113],[101,-57],[-57,-196],[-8,-236],[-40,-129]],[[14554,74697],[-29,-191],[-97,-107],[23,-165],[-3,-101],[-87,-64],[55,-74],[-25,-188],[-26,-91],[-56,0],[-20,-142],[11,-109],[-160,-328],[-32,-146],[21,-54],[108,44],[-210,-697],[-69,61],[-432,334],[-89,-204],[41,-57],[141,-278],[-7,-123],[42,-207],[-23,-135]],[[13631,71675],[-55,85],[-33,-47],[-43,136],[-81,130],[-1,131],[-99,40],[-157,-4],[-194,80],[-79,84],[-74,35],[-114,109],[-40,79],[-64,56],[-79,21],[-58,145],[15,281],[-47,33],[-21,202],[-54,51],[-35,121],[-43,5],[-29,90],[54,381],[-39,186],[-31,331],[121,26],[-47,276]],[[20133,79778],[-70,17],[-53,-141],[148,-159],[142,-66],[178,115],[52,57],[43,-15],[-23,-198],[-49,-106],[98,-236],[6,-48],[-38,-363],[-45,-134],[-135,-84],[-120,-139],[-21,-105],[13,-126],[-87,-98],[-43,-124],[26,-27],[-38,-137],[-61,-403],[-181,-205],[-8,-89],[26,-268],[23,-106],[-88,-253]],[[15874,75271],[-69,-33],[-35,309],[-105,-48],[-56,49],[-39,-200],[-125,90],[-37,-272],[-129,107],[-37,-94],[64,-106],[-64,-128],[29,-57],[-90,-132],[-138,176],[-181,-147],[-14,-45],[71,-108],[-100,-141],[-99,63],[-44,134],[-122,9]],[[12304,74738],[-57,-34],[-81,215],[145,95],[114,126],[-81,97],[-127,88],[8,211],[-9,217],[34,91],[-12,85],[85,6],[13,158],[-9,177],[-70,177],[-98,102],[24,518],[-15,56],[52,284],[47,150],[-140,68],[46,250],[-70,18],[27,291],[-74,-2],[-41,221],[10,139],[-33,44],[7,104],[-78,115],[-30,104],[-85,114],[16,84],[-150,169],[16,89],[-102,85],[38,212],[47,36],[25,245],[-97,43],[12,69],[-96,104],[-19,219],[-81,57],[9,63],[-151,218],[58,223],[35,52],[56,181],[-15,185],[-82,59],[-21,60],[33,84]],[[17599,73047],[18,-116],[-55,-68],[-44,-137],[-76,-155],[-110,-156],[-66,-49],[-20,-78],[-93,-145],[-5,-111],[18,-170],[-73,-168],[10,-126],[-50,-245],[-93,-113],[-52,94],[-53,-69],[-35,127],[-73,-58],[-26,238],[-82,-58],[-93,-147],[-1,-46],[-90,-171],[-218,-106],[-67,-62],[-44,49],[-55,-30],[-81,-97],[-100,-67],[-4,-70],[-175,-41],[-42,18],[-99,-39],[12,-68],[-49,-94],[-112,170],[-88,-177],[-107,-166],[-111,-41],[-114,-140],[-88,63],[-16,80],[-75,53],[-41,142],[2,125],[-124,185],[-40,185],[-42,71],[-353,119],[-128,80],[-65,62],[-111,30],[-30,57],[-87,-66],[-134,9],[-83,179],[45,142]],[[17141,89004],[34,91],[-35,73],[54,60],[60,159],[-22,58],[-70,33],[-16,171],[14,203],[69,65],[-12,-171],[9,-95],[81,-78],[-7,-109],[49,-163],[165,171],[75,-135],[163,-131],[90,133],[80,-103],[-93,-140],[73,-44],[55,23],[176,-29],[97,-69],[140,-9],[107,97],[135,-17],[110,14],[22,43],[79,15],[67,56],[115,42],[90,122],[115,71],[180,66],[114,-19],[55,-41],[30,-77],[-75,-233],[16,-153],[259,-720],[-56,-30],[16,-247],[-43,-303],[-122,-327],[21,-68]],[[11304,85824],[-133,-52],[-73,-72],[-63,126],[-93,-11],[-43,-57],[-95,64],[-148,-200],[-55,-24],[-44,163],[-162,33],[-51,51],[-48,-66],[-4,-96],[-113,74],[108,80],[-13,180],[40,60],[-43,147],[-69,55],[-124,55],[-80,12],[-107,186],[-94,113],[7,213],[112,114],[79,151],[40,221],[-79,175],[-103,81],[-23,67],[-83,20],[-63,93],[-51,257],[18,158],[-55,138],[-35,154],[-98,203],[9,86],[87,82],[71,158],[111,-162],[150,59],[296,268],[98,30],[113,62],[29,67],[159,200],[52,-53],[36,31],[137,-24],[29,-92],[50,-42],[127,-170],[72,-122],[67,-72],[20,-108],[208,69],[39,-109],[80,-111],[196,-188],[112,-32],[48,-43],[124,-1],[119,19],[104,-6],[134,81],[191,-15],[2,-105],[40,-44],[72,-4],[112,239],[113,22],[127,103],[181,-392],[123,-331],[195,-402],[-17,-210],[60,-179],[82,-89],[34,-81],[-32,-98],[-53,-276],[-59,-221]],[[1902,85112],[-35,-66],[26,-95],[6,-222],[29,-103],[1,-112],[-28,-59],[-117,-89],[-92,67],[-36,-35],[-101,161],[-217,577],[-126,224],[-161,-256],[-155,96],[-122,-67],[-90,188],[-96,166],[70,100],[113,230],[-139,195],[-83,208],[-48,215],[-94,19],[-106,170],[-70,219],[-113,219],[-115,361],[59,53],[53,118],[73,100],[108,62],[-155,460],[-65,95],[-76,222],[121,129],[142,58],[46,67],[48,180],[129,-1],[41,41],[143,66],[101,66],[25,-385],[199,-20],[40,34],[-21,218],[-69,234],[67,26],[37,-103],[104,-169],[56,-43],[22,-152],[71,-113],[91,17],[54,-63],[82,6],[77,79],[132,57],[290,69],[60,48],[152,49],[-4,97],[-96,173],[-18,132],[55,97],[432,312],[234,221],[129,73],[168,23],[138,37],[14,231],[24,68],[-1,126],[-69,179],[-128,173],[-60,192],[-116,264],[-269,147],[-7,36],[132,67],[131,1],[63,25],[113,170],[113,-13],[85,37],[125,220],[21,58],[98,60],[135,41],[159,27],[291,221],[269,281],[27,18],[73,-171],[49,-25],[49,56],[141,-89],[48,-119],[61,-225],[-105,-167],[-63,-156],[-13,-201],[68,-192],[103,-181],[-46,-113],[-8,-139],[29,-62],[-25,-103],[70,-11],[94,-118],[86,41],[160,-180],[56,-10],[-5,-107],[-61,-6],[-156,-134],[-75,-207],[-51,30],[-75,-42],[13,-162],[-80,-142],[-171,-197],[-80,-116],[-43,20],[-56,-130],[-176,-208],[-128,-103],[-50,-64],[-143,-52],[-122,-302],[-126,-169],[-84,-47],[-83,1],[-48,39],[-60,-37],[1,116],[-45,102],[-77,47],[-63,-5],[-49,-59],[-90,-38],[-38,-47],[-107,-230],[-239,-259],[-23,-159],[37,-296],[87,-83],[2,-122],[54,-34],[28,-133],[-10,-113],[-100,-76],[-102,-16],[-24,-63],[-56,30],[-63,-68],[-87,-370],[60,-228],[4,-133],[-32,-379],[-1,-141],[-33,-128],[-71,-62],[-71,-326],[-63,-54],[-37,49],[-235,43],[-50,-75]],[[38582,68347],[-27,-115],[74,-93],[-85,-114],[55,-132],[-40,-267],[-17,-178],[-63,-62],[-31,-91],[-20,-210],[-62,-71],[11,-122],[-69,-14],[-32,-62],[11,-102],[-248,-130],[10,-70],[-56,-33]],[[37993,66481],[-122,270],[-165,-114],[-116,-39],[-33,109],[-26,201],[-27,-16],[-80,146],[-38,-5],[-384,-438],[-9,108],[-59,69],[-83,-59],[-48,159],[-37,-105],[-82,87],[-163,-162],[-72,117],[-66,-169],[22,-144],[-63,-16],[-15,80],[-76,-22],[-226,-305],[-77,-87],[-90,-66],[-65,55],[-62,131],[-100,119],[-67,13],[-97,117],[-60,-87],[-69,-34],[33,-104],[-116,-37],[-83,155],[-173,110],[-115,27],[-77,66],[-122,-1],[-40,-72],[-57,53]],[[37993,66481],[156,-274],[308,278],[156,-374],[59,-284],[62,22],[44,-127],[55,18],[96,-219],[90,-51],[-17,-177],[79,-15],[154,10],[217,83],[93,19]],[[37520,61084],[157,1061],[-73,93],[-63,25],[-46,65],[-162,131],[-138,10],[-84,-22],[-59,81],[73,168],[70,35],[-24,65],[-55,16],[-49,90],[-126,63],[-31,81],[-87,25],[-16,67],[-85,43],[-18,-73],[-116,78],[-106,175],[-47,-34],[-75,49],[-59,-110],[-61,235],[-70,-84],[-67,24],[-64,67],[21,183],[-69,89],[55,208],[62,95],[11,133],[65,91],[-98,198],[74,92],[-43,177],[64,3],[-29,166],[-37,19],[-39,110],[141,39],[-554,363],[-102,92],[-116,38],[-805,141],[-528,137]],[[33669,59502],[-53,40],[-95,169],[-40,43],[13,89],[-87,153],[44,87],[-38,74],[-1,115],[-47,25],[-37,260],[-81,152],[10,83]],[[67873,73490],[-7,88],[31,145],[-41,195],[36,177],[13,288],[55,67]],[[67960,74450],[102,-40],[61,66],[81,23],[78,83],[32,101],[80,66],[-9,198],[55,88],[104,221],[-14,89],[50,57],[13,131],[-48,-6],[-35,120],[32,354],[63,43],[115,183]],[[68720,76227],[3,-64],[83,-143],[136,148],[42,141],[64,33],[48,-72],[59,76],[246,216],[109,135],[70,391],[80,1],[-1,185]],[[69659,77274],[106,-115],[8,-47],[154,-212],[68,-145],[63,-93],[50,-220],[56,-93],[-32,-150],[18,-89],[70,-154],[63,-193],[52,-303],[-58,-44],[-77,25],[-42,-130],[38,-73],[24,-162]],[[70220,75076],[-114,-100],[-187,-225],[-37,-76],[-17,-185],[40,-325],[2,-102],[49,-22],[71,-273],[-5,-86],[27,-126],[90,-248]],[[70139,73308],[-112,-184],[-12,-170],[-86,-241],[102,-124]],[[70031,72589],[-41,-134],[-91,-61],[-127,-125],[-100,-133],[-81,-152]],[[69591,71984],[-293,-44],[86,93],[-59,152],[11,114],[-98,200],[-114,4],[-168,354],[-4,224],[-90,22],[-430,218],[-123,49],[-119,26],[-243,-16],[-74,110]],[[61946,74693],[-178,133],[-15,31],[121,243],[-247,481],[-174,188],[-47,286],[-21,-19],[-27,366],[69,69],[50,126],[-46,80],[-145,76],[-4,89],[34,206]],[[61316,77048],[41,263],[170,-85],[208,-23],[44,-143],[132,29],[104,-89],[31,67],[-73,48],[89,297],[50,117],[104,114],[-40,138],[72,242]],[[62248,78023],[155,-177],[12,194],[72,-6],[64,-252],[85,-44],[211,86]],[[62847,77824],[-9,-110],[356,66],[68,-27],[178,-361],[67,83],[72,-97],[99,266],[131,83],[156,223],[224,206],[77,141],[37,127],[150,-126],[315,-385],[96,-161],[74,-30],[91,-108],[55,-98],[13,-170],[62,-525],[-33,-108],[-42,-43],[51,-149],[56,-63],[2,-92]],[[65193,76366],[-76,-121],[-99,17],[34,-107],[-4,-74],[-50,-183],[44,-127],[-204,-25],[-90,-58],[6,-116],[-130,-22],[2,-81],[-144,-53],[-170,17],[-43,-92],[-23,-124]],[[64246,75217],[-47,23],[-150,3],[-53,-17],[-101,246],[-96,-66],[-30,82],[-25,206],[-54,73],[-42,135],[-142,178],[-87,149],[-88,88],[-93,59],[-68,-195],[-79,-123],[-51,-47],[19,-135],[0,-243],[-58,-167],[-67,-107],[-35,-301],[-116,-150],[-71,162],[-141,170],[-104,16],[-109,151],[-254,168],[-66,-154],[-28,-154],[24,-253],[-88,-321]],[[70228,62778],[-31,-16],[-225,-408],[-513,-527],[-288,-131],[-84,-130],[-108,-116],[-134,-192],[-24,107],[-232,557],[-93,176],[-37,-48],[-65,144],[-4,581],[-50,199],[83,102],[87,184],[58,89],[-198,129],[-124,-149],[0,122],[-37,208],[-114,-23],[-42,149],[-140,-25],[-36,43],[-73,169],[-172,-221],[-156,155],[-312,33],[-99,87],[-12,191],[-105,113],[-233,619]],[[66715,64949],[288,404],[97,110],[64,175]],[[67164,65638],[298,357],[56,38],[38,-72],[69,137],[-27,87],[92,45],[156,20],[67,-104],[67,39],[122,151]],[[68102,66336],[38,44],[40,-86],[168,-283],[21,-81],[-27,-187],[321,-632],[-67,-113],[281,188],[49,86],[35,140],[-18,107],[103,13],[213,169],[162,145],[206,87],[165,174],[-66,213],[90,162],[-66,66],[-43,224],[40,74],[93,94],[34,142],[21,193],[-79,296],[42,31]],[[69858,67602],[298,272],[53,-49],[53,48],[81,-91],[151,129],[149,156],[19,-127],[92,-213],[33,36],[44,-94],[54,76],[233,-647],[84,62],[86,-138]],[[71288,67022],[628,-214],[231,123],[42,-163],[104,-211],[33,-101],[-39,-38],[46,-226],[-34,-135],[45,-166]],[[72344,65891],[-90,-56],[-230,-170],[-112,-124],[25,-438],[-9,-192],[47,-124],[-80,-84],[22,-109],[107,-71],[226,110],[68,11],[107,-140],[27,-217],[60,-107],[16,-261],[-29,-58],[-5,-123],[-49,-92],[-64,-30],[-101,-153],[-116,-56],[-101,-203],[-52,-14],[-62,-70],[-99,-183],[-46,-47],[-39,-99],[-160,-214],[48,-147],[-71,-125],[-51,-26]],[[71531,62279],[-56,211],[-235,309],[-66,-6],[-45,-76],[18,-82],[-39,-91],[-192,-201],[-74,-34],[-65,86],[-54,-14],[-40,76],[-2,201],[-114,173],[-201,78],[-138,-131]],[[75096,64279],[71,-30],[236,123],[214,211],[334,216],[81,-161],[153,169],[56,-103],[90,99],[222,290],[209,193],[114,33],[30,-163],[67,-119],[311,412],[149,140],[72,86],[72,-124],[288,-250],[113,73],[-31,78],[-53,20],[-95,240],[-192,136],[-81,79],[-251,78],[-99,-17],[-79,71],[-446,294],[-244,168],[-115,424],[69,18],[107,88],[36,-124],[66,-2],[29,-46],[153,122],[197,89],[-64,344],[-70,243],[54,31],[41,-50],[308,-210],[85,-11],[180,11],[80,-25],[72,93],[-5,247],[13,205]],[[77643,67968],[309,-23],[58,32]],[[78010,67977],[12,-86],[103,-105],[-11,-306],[95,-490],[139,-376],[46,-71],[88,-231],[245,-534],[103,-181],[-189,-64],[-253,25],[15,-218],[63,-20],[119,-136],[59,-166],[-61,-217],[52,-98],[78,80],[67,-19],[127,92],[51,-163],[88,-210],[10,-69],[-67,-163],[76,-63],[-73,-69],[-182,-11],[-58,-54],[-2,-151],[276,-472],[75,11],[85,126],[21,82],[-22,146],[168,144],[82,10],[37,-61],[108,-44],[39,-86],[48,-28],[132,56],[149,-115],[146,31],[76,140],[45,163]],[[80215,64006],[109,-94],[80,-152],[-50,-180],[-50,-86],[-18,-105],[-7,-274],[-60,-193],[-54,-49],[-53,-278],[5,-134],[81,-157],[83,-99],[84,67],[29,-188],[-13,-97],[-190,-52],[-179,-21],[-127,26],[-130,-48],[-108,-67],[-104,-17],[-86,-305]],[[79457,61503],[-146,-83],[-257,-109],[-201,-26],[-185,12],[-45,30],[-79,132],[-106,99],[-150,173],[-92,26]],[[78196,61757],[42,97],[146,118],[-30,67],[-196,80],[-196,187],[-225,180],[-180,315],[-78,220],[-72,152],[-52,14],[-110,123],[19,68],[-104,224],[-128,37],[-64,54],[-184,-130],[-160,-51],[-77,20],[-71,-45],[-191,-334],[-126,-103],[-116,-131],[-72,139],[-101,-38],[-56,40],[-178,43],[-92,67],[0,49],[-136,102],[-52,119],[-11,98],[53,102],[107,30],[65,119],[-81,204],[-50,30],[-135,-168],[-136,18],[-75,47],[-35,77],[3,79],[57,85],[-22,118]],[[75096,64279],[-37,192],[-184,128],[-48,61],[-31,95],[27,109],[85,137],[-76,97],[120,81],[-68,47],[-37,66],[1,104],[47,99]],[[74895,65495],[-66,185],[6,120],[-51,92],[-31,203],[147,130],[53,114],[57,54],[89,-35],[113,70],[99,-31],[60,70],[88,37],[-19,65],[30,239],[62,63],[36,141],[-35,94],[-46,238],[-129,109],[-22,72],[-130,-16],[-34,103],[-61,10],[-45,-83],[-122,-92],[-82,-130],[-44,64],[-108,242],[-18,91],[-2,193],[-24,94]],[[74666,68001],[196,128],[48,-17],[92,73],[2,-188],[126,-36],[61,47],[72,12],[48,-189],[135,-37],[63,120],[55,0],[147,147]],[[75711,68061],[38,9],[277,-157],[229,108],[84,-14],[82,55],[58,-14],[109,78],[70,11],[128,68],[47,-26],[86,25],[503,114],[89,-62],[144,-11],[-12,-277]],[[64246,75217],[-31,-270],[109,-220],[56,-44],[99,-148],[35,-88],[-93,-118],[20,-88],[-139,-196],[289,-182],[72,-70],[1,-64],[82,-108],[35,81],[213,-58],[125,13],[41,-82],[165,-196],[18,-100],[-111,-129],[-12,-83],[29,-81],[-200,-207],[-12,-65],[-146,-234],[-55,-127],[16,-97],[-123,-102],[-83,-107],[-119,-119],[-10,-52],[-98,-11],[14,-108],[66,-113]],[[64499,71644],[-211,-206],[-151,-106],[-56,-13],[-53,-99],[-157,-115],[-69,-69],[-56,14],[-71,219],[-120,87],[-124,-51],[-7,55],[-67,22],[-32,164],[12,136],[-81,-37],[-86,213],[75,96],[-60,138],[55,88],[-26,155],[-74,150],[-67,22],[-35,99],[67,5],[70,50],[-73,195],[-197,7],[-298,33],[-1134,135]],[[61473,73031],[59,64],[57,146],[-3,168],[71,-40],[145,63],[-17,112],[44,28],[140,23],[64,95],[-5,100],[-86,322],[-59,95],[-55,163],[43,203],[34,-47],[41,167]],[[69591,71984],[-240,-334],[-38,103],[-40,-31],[-58,-261],[13,-211],[64,-50],[-392,-284],[-221,143],[-78,32],[-128,-69],[11,-155],[26,-49],[-67,-124],[-102,113],[-28,-48],[-80,93],[-129,73],[-153,-104],[-44,146],[-324,-250],[-101,-95],[-33,13],[-129,-91]],[[67320,70544],[-25,79],[11,85],[-48,131],[-40,15],[0,129],[-39,120],[-43,-24],[-41,173],[-37,-6],[-122,90],[-115,-111],[-47,-6],[-137,-97],[-70,-114],[-102,-387],[41,-54],[17,-156],[-48,-87],[-110,22],[-216,-489],[-116,-550]],[[66033,69307],[-146,-88],[-42,-124],[-298,-3],[-21,-97],[-125,-277],[-55,-94],[-151,-94],[-85,-29]],[[65110,68501],[-6,193],[-111,92],[-64,79],[-39,112],[23,183],[-39,130],[-106,71],[-39,152],[56,118],[202,252],[-52,68],[-8,89],[-128,-61],[-86,-76],[-59,-2],[-28,-63],[-108,32],[-93,-18],[-168,184],[-20,253],[34,174],[-19,217],[-39,144],[-84,152],[47,42],[123,52],[154,106],[77,184],[37,43]],[[64567,71403],[194,152],[367,152],[45,12],[185,112],[123,93],[337,132],[60,47],[121,329],[157,210],[200,107],[118,18],[131,-26],[54,82],[-23,218],[189,149],[130,52],[200,122],[347,177],[44,-245],[71,89],[164,94],[92,11]],[[67164,65638],[-129,292],[51,72],[-37,115],[87,204],[7,115],[-63,120],[11,43],[-126,240],[-39,14],[-109,-132],[-86,239],[-202,664],[-68,124],[-66,205],[1,121],[-76,307],[-41,202],[-49,350],[-142,198],[3,162],[-58,14]],[[67320,70544],[-30,-63],[-81,-13],[-44,35],[-59,-46],[50,-230],[71,-55],[131,36],[30,53],[91,-73],[40,76],[96,40],[76,-85],[40,-96],[-15,-79],[88,-343],[68,-73],[40,-95],[87,-103],[-14,-185],[51,-118],[-35,-167],[-38,-28],[-1,-148],[125,-190],[2,-83],[111,-161],[62,-148],[12,-116],[68,19],[146,-232],[6,-35],[-58,-201],[-72,-51],[-52,-144],[52,-66],[20,-134],[-147,-310],[-114,-164],[-6,-222],[-60,-59],[45,-151]],[[70031,72589],[63,-221],[-11,-87],[-58,-51],[-76,-140],[-33,-173],[93,-95],[37,-97],[100,37],[13,117],[39,2],[47,-148],[46,-21],[67,-215],[89,-58],[-16,-163],[8,-120],[-94,-27],[-87,-127],[-143,-146],[-116,-290],[-113,-174],[220,-200],[44,-220]],[[70150,69972],[-136,-554],[-198,-171],[-103,-114],[-20,16],[-141,-127],[-168,-197],[-147,-116],[-40,-75],[55,-200],[-102,-87],[56,-189],[-45,-44],[18,-147],[90,31],[0,-87],[-75,-80],[20,-95],[43,-14],[19,-137],[143,-228],[87,106],[42,154],[98,64],[63,-24],[52,-87],[97,32]],[[70139,73308],[228,88],[103,-55],[54,-59],[46,23],[35,-80],[46,-16],[147,153],[83,50],[56,114],[64,64],[83,-97],[10,-65],[66,-4],[75,-114],[174,117],[80,94],[137,-21],[138,110],[76,-167],[103,2],[323,446],[55,-111],[-73,-131],[140,-217],[38,129],[102,-130],[-26,-130],[45,-261],[166,202],[41,27],[78,341],[35,120]],[[72867,73730],[27,-80],[14,-181],[-84,-104],[82,-278],[54,-45],[59,-186],[-9,-253],[43,-102],[36,-169],[277,388],[142,92],[12,-202],[59,-112],[68,48],[94,-60],[146,-183]],[[73887,72303],[-1,-34],[-162,-287],[-44,-38],[-142,11],[-64,-81],[40,-219],[-23,-50],[16,-154],[-10,-145],[-198,-95],[-113,-164],[-76,-202],[1,-127],[23,-150],[-128,-183]],[[73006,70385],[-46,106],[-71,-43],[-274,189],[-140,-142],[-188,-93],[-13,67],[30,118],[-75,37],[-147,-377],[-76,-169],[-52,-67],[-58,195],[-73,187],[-174,283],[8,155],[-65,226],[-34,-127],[-55,228],[-111,46],[-207,-124],[-141,-65],[-68,-51],[-182,-68],[-235,-151],[-22,-286],[-387,-487]],[[71288,67022],[342,286],[113,-10],[44,-95],[123,-60],[46,41],[151,63],[-16,155],[105,331],[84,106],[214,200],[-100,358],[55,43],[15,131],[95,100],[-29,86],[136,150],[252,326],[-50,233]],[[72868,69466],[109,21],[94,-28],[84,61],[59,-41],[86,70],[104,17],[-13,-92],[57,-216],[54,-127],[26,-356],[-9,-231],[164,-111],[63,4],[52,-91],[59,69],[55,-63],[84,51],[132,118],[38,-108],[-18,-101],[80,-118],[18,-69],[82,-51],[205,39],[133,-112]],[[74895,65495],[-108,-2],[-55,-57],[-47,8],[-108,-49],[-74,-182],[-72,-95],[-114,-6],[-59,-80],[-10,-74],[-59,-68],[-201,-82],[-43,-57],[-68,-21],[-27,-118],[-102,-139],[-85,-66],[-13,-114],[-30,-31],[-99,163],[-86,36],[-127,-42],[-27,55],[22,107],[84,37],[-93,126],[-4,89],[-140,142],[17,256],[-69,-70],[-95,-15],[-116,46],[-209,225],[-4,77],[48,74],[-126,250],[-36,45],[-216,28]],[[68720,76227],[29,58],[7,152],[-62,136],[-34,157],[-52,142],[87,81],[154,201],[-69,174],[-142,206],[100,433],[-102,83],[-53,79],[-152,-217],[-31,51],[-105,-208],[-42,57],[-63,-35],[-135,-150],[-46,102],[-114,-165],[-73,77],[-137,-101],[-56,72],[-38,226],[15,207],[94,147],[56,189],[27,153],[-29,134],[52,41],[16,93],[-32,168]],[[67790,78970],[160,93],[24,124],[94,-44],[50,98],[39,-56],[78,119],[34,93],[-46,133],[-65,118],[135,178],[-110,182],[-116,77],[54,101],[88,87],[105,145],[89,50]],[[68403,80468],[231,-229],[69,-44],[203,-299],[-58,-103],[93,-115],[60,-38],[94,-3],[72,56],[108,15],[64,-39],[124,37],[128,92],[58,91],[108,89],[92,27],[241,157],[222,38]],[[70312,80200],[-19,-190],[-28,-4],[-2,-164],[-156,-273],[-65,28],[-50,-254],[7,-121],[65,-54],[39,-199],[-135,-205],[-66,-74],[61,-60],[75,-149],[-67,-171],[57,-83],[-65,-183],[78,-206],[-158,-203],[-37,-149],[-10,-187],[-100,77],[-78,-20],[1,-82]],[[67960,74450],[-12,198],[-44,12],[-99,-63],[-40,185],[-63,185],[59,85],[-75,180],[7,206],[-22,99],[-45,7],[-50,220],[-84,256],[-128,216],[-129,381],[-130,-17],[-63,-51],[-106,-141],[-137,-129],[-160,-33],[-117,61],[-171,-221]],[[66351,76086],[-5,135],[-132,122],[40,74],[107,120],[35,158],[-67,235],[-6,147],[-55,214],[-146,-142],[-51,82],[-96,-35],[-53,-62],[-33,112],[24,194],[27,99],[-64,60],[50,139],[38,-28],[12,148],[-58,7],[-12,128],[-69,58],[146,80],[37,75],[6,99],[68,152],[50,69],[-76,146],[-86,220],[-106,-56],[-47,118],[96,88],[-82,207],[41,227],[145,261]],[[66029,79737],[40,81],[119,128],[98,-219],[62,98],[39,-57],[-29,-80],[20,-84],[53,-54],[102,-50],[76,32],[62,-140],[57,-40],[121,50],[129,111],[125,86],[113,-120],[35,76],[107,-131],[55,44],[35,-82],[39,-245],[35,9],[56,-158],[84,88],[68,-111],[60,1]],[[64567,71403],[-68,241]],[[65193,76366],[86,43],[61,-128],[54,-46],[100,-14],[7,-112],[98,51],[73,-15],[125,-238],[66,82],[37,-98],[34,-1],[55,-113],[362,309]],[[72868,69466],[-75,351],[-3,261],[50,93],[65,47],[101,167]],[[73887,72303],[48,-1],[72,-85],[173,157],[90,-49],[101,77],[54,9],[150,-34]],[[74575,72377],[-88,-162],[12,-84],[-40,-76],[32,-63],[45,72],[80,-309],[57,-103],[103,100],[-24,101],[205,123],[54,-52],[-78,-60],[66,-76],[38,-100],[-2,-67],[-55,-56],[-57,-118],[73,-67],[191,106],[42,-46],[-87,-75],[-27,-77],[-7,-120],[80,-10],[76,-59],[63,4],[23,-71],[128,42],[123,75],[179,3],[33,33]],[[75813,71185],[32,-198],[58,-156],[74,-80],[14,-215],[-29,-118],[54,-93],[27,-151],[-7,-133],[-106,-122],[19,-81],[-43,-88],[-13,-101],[10,-200],[-66,-7],[-5,-176],[-34,-207],[-2,-172],[-109,-87],[-153,-323],[36,-118],[141,-298]],[[70220,75076],[244,207],[181,119],[170,87],[176,141],[166,108],[45,73],[-16,96],[-78,43],[-13,117],[-65,97],[-5,111],[52,117],[85,66],[107,201],[104,82],[11,48],[105,130],[6,78],[72,57],[6,70]],[[71573,77124],[-2,108],[37,46],[181,47],[46,-35],[32,63],[75,-63],[70,-151],[21,-94],[56,13],[22,-60],[12,-176],[59,-141],[-70,-37],[56,-244],[-117,-100],[2,-47],[190,-16],[36,-132],[37,-36],[114,-258],[116,-477]],[[72546,75334],[-108,-38],[1,-172],[-72,-344],[52,-288],[75,-25],[109,-110],[40,-69],[52,-167],[73,-135],[31,-106],[68,-150]],[[74860,81319],[-117,257],[-70,86],[54,87],[-113,211],[-93,70],[-236,-9],[-92,-28],[-4,116]],[[74189,82109],[-9,119],[-50,5],[11,324],[36,123],[31,208],[88,140],[-52,68],[45,110],[0,89],[-79,59],[-164,194],[20,105],[-72,37],[-116,-35],[116,581],[15,37],[-142,244],[-199,162],[-220,304],[125,294],[46,68],[38,-39],[110,131],[294,325],[46,76]],[[74107,85838],[45,98],[46,15],[59,133],[7,153],[75,278],[178,-149],[103,-121],[151,-91],[128,170],[103,-145],[-30,-85],[50,-72],[6,-209],[42,-130],[-52,-58],[48,-103],[-111,-33],[-114,1],[22,-89],[-38,-66],[75,-124],[28,11],[96,-125],[-38,-27],[-144,-275],[-96,-108],[15,-128],[-44,-65],[36,-59],[-76,-104],[43,-118],[38,-9],[69,-141],[36,1],[169,-97],[-39,-62],[107,-162],[68,132],[167,-168],[223,-319]],[[75558,83388],[47,-319],[-104,-192],[176,-131],[-106,-340],[143,-71],[130,-321],[145,47],[15,-81],[-60,-287],[-69,-55],[-6,-204],[-26,-82],[-120,-15],[-83,97],[-76,-91],[-85,102],[-194,148],[-91,-202],[-4,-61]],[[75190,81330],[-82,141],[-90,-77],[-158,-75]],[[74189,82109],[-490,-87],[-156,-3],[-209,-50],[-188,46],[-157,78],[-128,42]],[[72861,82135],[-57,88],[41,174],[-51,58],[36,83],[-79,222],[-66,60],[-75,-127],[-41,68],[74,90],[-7,88],[-83,74],[-188,220],[6,147],[-61,23],[113,292],[73,155]],[[72496,83850],[53,122],[-55,99],[59,192],[-2,61],[-71,113],[-48,-35],[-112,132],[74,172],[30,135],[-45,63],[49,129],[-62,57],[62,158],[-23,39],[-24,228],[46,150],[-14,103],[137,227],[-43,65],[10,130],[102,104]],[[72619,86294],[18,-112],[81,215],[65,-6],[63,64],[85,14],[138,-22],[44,-122],[109,53],[45,58],[-67,101],[65,124],[-36,57],[29,101],[56,-45],[15,91],[80,114],[91,82],[-54,305],[-31,107],[69,25],[-14,144],[144,5],[10,-164],[97,-121],[56,16],[74,-107],[2,-232],[-28,-152],[25,-49],[-43,-106],[133,-157]],[[73940,86575],[53,-109],[-10,-85],[-48,-54],[37,-97],[4,-129],[-44,-79],[175,-184]],[[78010,67977],[8,168],[87,46],[-40,263],[10,356],[115,195],[78,301],[71,86],[-79,231],[-51,249]],[[78209,69872],[79,-137],[69,-231],[149,34],[84,-21],[53,113],[45,-11],[119,99],[-90,-313],[173,-46],[73,20],[106,-157],[6,-39],[97,-38],[139,-10],[-16,137],[30,131],[106,-11],[43,53],[32,117],[48,17],[108,258],[92,-42],[133,-8],[50,44],[97,295],[69,92],[136,266],[66,8],[-13,86],[114,7],[6,119],[99,-2],[51,110],[126,385],[30,123],[28,286],[45,140],[29,188],[97,139],[94,77],[21,-102],[84,-64],[33,34],[32,-145],[124,51],[48,64],[86,35],[98,79],[161,33],[98,95],[116,74]],[[81912,72304],[79,-322],[-201,-1863],[-229,80],[-99,233],[-34,35],[-112,-42],[-87,49],[44,-211],[25,26],[187,-505],[881,-2478],[384,-1089]],[[82750,66217],[-114,-39],[-99,-4],[-52,42],[-118,19],[-113,53],[-56,-78],[-105,-31],[-54,53],[-70,5],[-58,98],[-69,65],[-108,43],[-59,86],[2,80],[-53,138],[-85,57],[-75,0],[-81,95],[-105,-4],[-105,-106],[-36,-92],[-42,-194],[3,-121],[-130,11],[-147,-116],[-118,40],[-75,-123],[-99,11],[-115,-81],[-76,-223],[19,-164],[-10,-113],[8,-450],[-31,-224],[5,-91],[-37,-460],[-18,-131],[-59,-262]],[[77146,87304],[-122,-70],[-71,54],[-64,2],[-108,98],[-33,92],[-42,15],[-51,297],[-74,132],[-45,292],[3,172],[-141,-44],[-154,-94],[-115,-114],[8,-68],[-121,-27],[-56,-136],[-30,-260],[-3,-127],[-107,-241],[-61,-45],[-102,96],[-18,-106],[-59,-166],[-41,53],[-40,214],[-60,175],[-74,164],[-42,-21],[-55,87],[-51,164]],[[75217,87892],[5,89],[-148,255],[33,92],[-22,57],[53,93],[-61,100],[38,159],[57,66],[-33,84],[21,142],[113,54],[31,-91],[40,12],[84,-69],[21,134],[159,-12],[75,-41],[188,38],[56,121],[44,-15],[48,261],[78,-33],[21,89],[135,-58],[215,18],[51,208],[41,73],[32,191],[28,41],[114,33],[52,83],[87,-82],[39,-69],[70,92],[55,-43],[64,-119],[38,43],[-64,139],[41,79],[65,-20],[231,231],[32,-71],[58,104],[91,-29],[-77,161],[113,143],[150,223],[80,-76],[52,37],[94,-103],[15,63],[70,-58],[44,112],[95,127],[125,36],[60,89],[137,264],[84,130],[42,169],[99,276],[-50,69],[104,362],[82,-33],[5,61],[263,-70],[74,-8],[88,84],[-20,98],[63,31],[23,-180],[68,50],[113,33],[95,-135],[99,-26]],[[79783,92250],[-60,-270],[0,-73],[-42,-392],[-55,-151],[-3,-78],[-104,-216],[43,-41],[-47,-90],[-4,-86],[-83,-286],[-52,-258],[-110,-297],[-55,-174],[-128,156],[-74,32],[-65,-105],[39,-212],[1,-104],[-62,-216],[-113,-107],[51,-107],[-41,-244],[-41,-21],[-93,-206],[49,-109]],[[78734,88595],[-115,-149],[-24,-112],[-123,-95],[-38,38],[-71,-106],[-106,-120],[-130,-120],[-4,98],[-207,290],[-64,124],[-46,-78],[-204,166],[-18,-114],[-135,-305],[-51,158],[-83,158],[-42,-41],[3,-172],[-23,-116],[-60,-124],[-32,-145],[2,-373],[-17,-153]],[[78629,78662],[-58,-32],[-51,20],[40,126],[-6,73],[-86,56]],[[78468,78905],[12,33],[-124,102],[60,93],[-29,67],[19,90],[86,45],[-5,110],[-55,179],[14,99],[136,-41],[31,239],[-37,67],[149,99],[24,-123],[191,8],[-12,142],[55,38],[1,86],[83,170],[-106,177],[-28,152],[-50,85],[3,91],[-79,-42],[-47,73],[16,71],[67,45],[47,139],[-42,71]],[[78848,81270],[82,168],[59,-29],[7,-89],[56,-37],[24,-85],[81,-102],[94,9],[71,-152],[30,-105],[71,-141],[213,-186]],[[79636,80521],[30,-393],[52,-87],[164,-352],[54,-56],[27,-86],[-80,-6],[-169,166],[-42,72],[-66,19],[-166,161],[-61,-43],[-29,-181],[28,-70],[9,-131],[-100,-104],[105,-257],[-77,-72],[-47,-106],[124,-53],[-67,-115],[-71,-70],[-123,172],[-127,3],[-152,-165],[-50,13],[-85,-116],[-88,-2]],[[78629,78662],[-51,-62],[5,-70],[131,-25],[84,-166],[71,44],[-15,-128],[18,-61],[-89,-66],[85,-221],[-11,-88],[58,-43],[-9,-62],[73,-32],[51,-137],[105,-8],[49,-140],[105,71],[86,138],[77,-34],[6,-79],[130,-158]],[[79588,77335],[1,-115],[-197,-108],[-11,-115],[-49,-166],[-87,-33],[-82,-121],[5,-159],[-95,44],[-93,5],[-58,-70],[51,-117],[-115,-175],[-53,-154],[-76,-124],[-55,-29],[-78,-166],[-113,-83],[30,-154],[51,67],[162,75],[58,-3],[115,79],[26,66],[127,69],[71,82],[-6,-143],[59,-140],[-23,-62],[34,-84],[-41,-46],[-122,-55],[-196,-222],[-46,-208],[75,-59],[168,32],[16,-74],[159,-88],[61,4],[86,-77],[60,-130],[63,2],[-37,-213]],[[79433,74367],[-268,-1],[-94,14],[-85,-99],[-56,121],[-75,88],[-178,-44],[-213,-29],[-91,29],[-196,-48],[-82,15],[-152,69],[-140,-43],[-43,-56]],[[77760,74383],[-196,356],[-39,91],[98,115],[70,-25],[86,58],[5,228],[21,89],[-5,318],[-60,108],[-27,112],[-122,100],[-66,111],[-10,165],[-78,192],[-95,107]],[[77342,76508],[-147,195],[-147,295],[-12,68],[76,118],[-35,175],[11,201],[135,264],[70,16],[133,-23],[38,60],[-3,84],[49,135],[85,-30],[161,-252],[-3,473],[39,28],[105,-122],[106,-69],[57,-8],[32,68],[-14,265],[46,76],[87,75],[60,103],[12,115],[109,34],[76,53]],[[75813,71185],[209,122],[45,81],[133,136],[181,-225],[45,5],[226,237],[337,104],[105,-85]],[[77094,71560],[28,-130],[39,-84],[72,-272],[-22,-281],[-61,-174],[-159,-293],[-93,-304],[-30,-192],[9,-149],[86,-117],[60,-41],[216,-65],[86,33],[99,70],[108,-60],[111,-281],[97,-72],[104,41],[54,271],[2,165],[47,221],[90,163],[67,4],[65,-50],[40,-91]],[[82137,83909],[-34,-53],[14,-104],[-66,-112],[-83,3],[-103,-85],[-116,59],[-53,54],[-77,17],[-76,-57],[-24,209],[-19,37],[32,277],[-143,391],[22,46],[-35,140],[-71,72],[-20,76],[-121,193],[-5,97],[-97,94],[-98,158],[-135,-92],[-130,-64],[-64,-279],[-101,-12],[-29,-60],[-67,-3],[-58,-110],[-151,145],[-28,55],[37,153],[-53,39]],[[80185,85193],[95,274],[63,152],[94,182],[-25,146],[-8,243],[-58,173],[60,348],[229,-165],[45,-78],[14,-211],[90,19],[17,85],[-55,43],[-46,111],[-2,145],[47,86],[-28,217],[41,78],[-12,113],[27,95],[-13,73],[74,115],[0,216],[-59,119],[-28,146],[46,96],[-51,30],[25,85]],[[80767,88129],[98,70],[-26,122],[55,44],[-22,186],[63,96],[66,1],[73,97],[110,25],[4,48],[178,-72],[-1,-89],[95,-67],[-51,-94],[-11,-127],[51,-123],[-14,-52],[78,-98],[115,57],[189,141],[262,224],[43,9],[53,-115],[144,-88],[220,-193],[111,-140],[51,-124],[61,-211],[81,-74],[72,-146],[77,48],[45,-119],[-43,-68],[12,-67],[-55,-61],[257,-590],[50,-22],[47,-335],[40,-77],[-36,-161],[163,-65]],[[83472,85919],[-147,-105],[-107,-7],[-87,-104],[-228,-626]],[[82903,85077],[-75,18],[-53,-230],[-212,-249],[-105,-43],[-71,53],[-72,8],[-65,-42],[-74,15],[-47,64],[-153,57],[-72,71],[-58,176],[-80,167],[-118,-156],[-9,-123],[52,-65],[99,-322],[96,-137],[131,-130],[120,-300]],[[74575,72377],[45,58],[76,31],[65,-41],[60,92],[73,-61],[113,110],[81,113],[193,15],[88,43],[59,-24],[53,59],[97,44],[18,155],[133,63],[32,-109],[250,179],[57,78],[-23,143],[-84,259],[-41,255],[-79,196],[-1,146],[65,144],[59,44],[97,-3],[-15,171],[-126,-67],[-142,-41],[-40,54],[-9,94],[41,116],[60,102],[32,185],[-7,136]],[[75855,75116],[54,23],[102,-45]],[[76011,75094],[127,74],[130,-16],[49,23],[116,126],[-19,153],[67,29],[121,142],[32,78],[71,70],[-90,168],[99,228],[158,13],[160,-5],[45,42],[52,-68],[165,2],[60,85],[-12,270]],[[77760,74383],[-199,-192],[-120,-57],[-64,-75],[-2,-149],[-30,-161],[-44,-11],[18,-121],[-17,-200],[-41,-259],[39,-224],[95,-260],[103,-75],[55,-179],[72,-28],[-13,-93],[-63,-2],[-42,-67],[-137,-97],[-76,-129],[-161,-225],[-46,-1],[39,-168],[-32,-50]],[[79636,80521],[141,287],[162,207]],[[79939,81015],[96,-97],[81,-230],[88,-108],[274,-501],[64,-70],[-119,-478],[7,-180],[73,-270],[-169,-104],[-98,14],[-42,-150],[59,-105],[-29,-73],[-98,128],[-48,-76],[-48,-184],[-67,-63],[-30,-213],[37,-172],[-1,-65],[72,-131]],[[80041,77887],[-7,-58],[62,-126],[59,-47],[-5,-131]],[[80150,77525],[-41,-145],[-53,11],[-117,-53],[-34,-66],[-9,-134],[-139,16],[-24,274],[-51,0],[3,-118],[-97,25]],[[76350,83648],[13,268],[-41,102],[-231,449],[123,252],[85,49],[54,-13],[104,33],[269,-3],[32,204],[78,-115],[7,-85],[178,132],[85,82],[46,0]],[[77152,85003],[195,88],[-42,-186],[124,54],[161,-188],[43,123],[221,69],[65,-69],[47,3],[52,95],[94,-171],[395,-404],[441,-361],[-84,-105],[-51,-364]],[[78813,83587],[-103,-184],[-57,-157],[-88,-367],[-6,-269],[-85,70],[-51,-170],[-92,-243],[-29,-16],[-170,-352],[-59,-9],[-87,-103],[-181,-71],[-134,34],[-82,1],[-17,145],[84,46],[90,264],[-61,46],[38,98],[-153,95],[-17,-48],[-153,63],[-161,12],[-158,70],[-58,-19],[-56,50],[-112,38],[-123,-58],[-94,14],[-173,-106],[-25,46],[-24,315],[4,183],[-38,70],[8,381],[-40,192]],[[73940,86575],[82,144],[63,54],[137,74],[73,16],[11,68],[64,128],[132,143],[268,247],[126,154],[162,249],[48,-72],[111,112]],[[77146,87304],[33,4],[87,-452],[41,-93],[-9,-221],[-101,-156],[49,-65],[-20,-140],[47,-53],[-46,-156],[83,-152],[-38,-62],[-6,-84],[60,-154],[-43,-120],[24,-68],[-155,-329]],[[76350,83648],[-21,40],[-80,-37],[-40,89],[-50,37],[-202,90],[94,111],[-141,74],[-26,-144],[-56,34],[-129,-45],[-56,-156],[-9,-130],[-76,-223]],[[78813,83587],[181,189]],[[78994,83776],[16,-75],[-32,-92],[28,-124],[96,-118],[10,-113],[141,-123],[102,-147],[1,-95],[55,-21]],[[79411,82868],[-30,-129],[52,-70],[-59,-201],[-73,-63],[-143,-189],[-86,-224],[-80,-14],[-61,-72],[-143,-64],[-262,-331],[55,-111],[57,5],[71,-48],[96,-15],[43,-72]],[[76011,75094],[-45,232],[0,148],[69,131],[-54,92],[0,148],[-123,158],[-59,221],[46,135],[114,103],[12,-106],[55,-49],[-29,190],[19,209],[56,134],[52,58],[-28,153],[276,127],[-49,235],[-53,153],[-26,185],[-36,84],[-19,174],[27,147],[-31,198],[-140,-14],[-204,20],[-169,36],[-117,53],[-95,94],[-80,183]],[[75380,78726],[142,413],[36,75],[61,-36],[43,79],[103,-67],[113,20],[39,129],[-43,233],[-40,106],[-36,23],[-24,170],[34,76],[-9,117],[-48,73],[-134,93],[20,34],[-52,224],[19,125],[-69,56],[-68,169],[-39,170],[-107,37],[-18,91],[-63,58],[-50,136]],[[78734,88595],[28,59],[122,-83],[4,-157],[113,-21],[3,-80],[42,-48],[105,-9],[156,-46],[44,-85],[135,-31],[10,-610],[-9,-250],[240,-54],[183,9],[7,-158],[-8,-234],[-24,-337],[-54,-257],[-87,-229],[-131,-501],[-71,-190],[-41,-174],[-10,-154],[-38,-259],[-24,-87],[-65,-357],[-52,-143],[-90,-136],[-228,-197]],[[75380,78726],[-125,237],[-116,117],[-51,25],[23,172],[-32,242],[104,87],[-37,223],[-63,-94],[-60,19],[-97,-48],[-21,82],[-91,4],[-59,70]],[[74755,79862],[-31,144],[-6,113],[55,264],[7,225],[45,192],[45,340],[22,68],[-32,111]],[[75855,75116],[-538,-349],[-512,-328],[-114,-121],[-88,-35],[-97,-129],[-57,18],[14,156],[-25,120],[15,342],[37,117],[5,137],[-23,286],[-78,90],[-71,201],[-130,115],[-63,94],[-57,17]],[[74073,75847],[-38,49],[-10,106],[34,47],[-23,199],[-28,59],[-93,13],[-20,62],[-150,-44],[-46,79],[-9,166],[95,273],[49,49],[117,188],[-4,90],[45,260],[-56,79],[47,191],[124,237],[118,177],[-75,152],[-39,126],[37,70],[-81,132],[-39,140],[15,73],[-4,182],[-53,154],[-114,76],[-3,105]],[[73869,79337],[107,136],[118,288],[35,24],[40,-123],[89,-87],[126,-80],[57,-99],[170,164],[144,302]],[[79939,81015],[-61,58],[55,149],[6,127],[-27,310],[-54,144],[23,102],[-40,151],[80,69],[112,-54],[86,-258],[104,-90],[72,152],[-44,201],[132,-41],[13,190],[42,170],[101,129],[35,-71],[106,-96],[129,-65],[91,-5],[86,-48],[64,26]],[[81050,82265],[195,21],[112,-44],[91,10],[17,-204],[89,-224],[-7,-59],[80,-189],[53,-71],[16,-224],[119,-142],[129,-111],[62,-188],[-59,-114],[-53,-158],[-10,-129],[57,-232],[-79,-198],[-31,-243],[-28,-47],[-43,-179],[-3,-92],[57,-55],[63,-116],[81,-226],[-2,-88],[50,-74],[51,-138],[7,-226],[-97,0],[-93,-46],[-30,-75],[9,-156],[77,-244]],[[81930,78004],[-354,-165],[-160,-44],[-226,218],[-52,38],[-177,-6],[-65,-29],[-52,65],[-204,170],[-143,208],[-34,100],[-49,19],[-157,-43],[-67,-249],[-88,-139],[-45,-251],[-16,-9]],[[79433,74367],[190,10],[80,-41],[147,9],[422,384],[55,-38],[43,-171],[128,-38],[63,108],[82,70],[130,-96],[47,-61],[108,-63],[46,25],[98,-73],[50,50],[75,-16],[63,-88],[207,-95],[100,-121],[76,-42],[50,12]],[[81693,74092],[-67,-404],[-45,-30],[30,-123]],[[81611,73535],[122,-486],[179,-745]],[[79783,92250],[27,128],[-3,129],[-27,154],[47,120],[82,35],[61,-43],[-9,-804],[30,-422],[86,-501],[29,-275],[1,-249],[-39,-304],[-101,-309],[-109,-258],[-136,-259],[-80,-257],[-3,-172],[33,-192],[58,20],[80,-198],[175,-60],[57,-87],[75,-15],[115,43],[223,-165],[66,-79],[41,52],[158,-131],[47,-22]],[[80185,85193],[-26,14],[-75,-518],[-1,-91],[-36,-241],[-6,-234],[-92,26],[-12,-83],[-84,-88],[-8,-70],[-76,-201],[8,-73],[-102,-178],[-36,-131],[-109,-46],[-40,-175],[-47,-104],[-32,-132]],[[73869,79337],[-26,46],[-17,193],[-71,-60],[-69,-2],[-39,80],[-64,27],[-1,69],[-85,189],[-33,40],[-68,-39],[-54,30],[-89,-23],[-119,-117],[-52,127],[-119,-51],[-71,-52],[-16,63],[-137,-113],[-19,79],[-508,-550],[-114,-115],[-168,-119],[-213,-76],[-438,-100],[-97,-38]],[[71182,78825],[-105,223],[-71,99],[10,60],[-49,169],[-47,80],[-183,193],[-110,180],[-284,215],[-31,156]],[[70312,80200],[21,85],[557,756],[101,79]],[[70991,81120],[216,-216],[220,-294],[89,159],[51,-65],[409,114],[43,87],[-27,50],[50,158],[95,-119],[75,33],[44,129],[89,132],[48,38],[54,-89],[67,120],[64,-69],[60,190],[90,8],[32,79],[87,311],[26,51],[-48,81],[36,127]],[[82137,83909],[102,-322],[3,-177],[-22,-134],[-52,-123],[9,-101],[-158,-293],[-90,-7],[-69,39],[-82,145],[-69,162],[-87,-91],[-74,28],[-127,195],[-11,141],[-100,43],[-30,-175],[-21,-223],[41,-215],[-59,-19],[-62,-72],[-151,-41],[-44,-211],[66,-193]],[[71573,77124],[-100,89],[-23,103],[-61,-5],[5,290],[67,206],[-125,244],[62,67],[-53,105],[-20,317],[32,48],[-84,66],[-91,171]],[[74073,75847],[-7,-71],[-91,-27],[-65,-118],[-124,13],[-48,-70],[-94,-19],[-69,19],[-80,-81],[-16,-211],[-34,-183],[19,-164],[-52,-119],[-196,40],[-87,121],[-60,141],[-105,-31],[-141,176],[-29,-59],[-83,136],[-92,43],[-73,-49]],[[80150,77525],[106,-71],[34,-92],[110,-54],[-34,-114],[-35,-257],[19,-224],[35,-174],[66,-127],[19,-118],[-72,-156],[-124,-157],[-52,9],[-222,-82],[-43,-59],[156,-83],[132,-342],[120,-65],[73,22],[49,90],[131,156],[80,8],[112,-165],[188,-98],[52,-94],[80,59],[39,111],[20,148],[-27,164],[-44,61],[5,93],[-32,88],[78,189],[62,55],[10,130],[-131,238],[-105,-33],[-49,49],[46,71],[-10,191],[100,75],[74,-175],[103,-136],[14,-136],[30,-47],[95,18],[37,-117],[43,-60],[95,-32],[4,-92],[-16,-286],[71,4],[91,178],[45,34],[123,-40],[90,-128]],[[81991,75952],[-1,-61],[-55,-66],[-38,-166],[-1,-265],[-39,-141],[50,-28],[102,39],[33,69],[-9,144],[37,34],[83,-125],[50,-157],[-20,-208],[-129,-296],[-57,-83],[-109,-270],[-95,-83],[-60,-153],[-40,-44]],[[90510,60248],[58,-24],[185,247],[26,181],[145,107],[59,217],[57,75],[-66,260],[68,54],[85,109],[103,196],[27,81],[90,71],[138,232],[14,60],[96,125],[147,82]],[[91742,62321],[78,-118],[37,-139],[49,61],[131,100],[27,213],[-57,202],[80,65],[91,25],[45,113],[116,88],[92,21],[138,182],[58,51],[85,-24],[130,42],[123,208],[94,243],[128,48],[68,-23],[5,90],[75,118],[31,164],[83,-13],[23,-76],[69,-14],[110,113]],[[93651,64061],[19,-50],[113,-136],[58,-160],[46,43],[154,41],[53,-120],[-25,-45],[166,-150],[14,-173],[141,118],[164,19],[63,37],[90,-152]],[[94707,63333],[-110,-129],[80,-155],[73,-54],[71,-108],[76,4],[80,89],[43,-16],[92,-150],[121,-125],[33,-89],[199,56],[89,-71],[205,-285],[77,-223],[134,-425],[92,-411],[47,-121],[42,-8],[86,-97],[-24,-149],[57,-128],[58,-215],[-40,-96],[-4,-209],[-44,-52],[-40,-125],[39,-168],[-11,-105],[-119,-100],[-37,-108],[6,-154],[-36,-135],[36,-137],[7,-105],[45,-105],[-9,-147],[-32,-84],[12,-178],[46,-195],[140,-165],[42,-215],[76,-246],[172,-289],[-20,-75]],[[96557,57330],[-167,-144],[-53,-110],[-146,102],[-73,80],[-32,-75],[-82,59],[-126,-92],[-32,-221],[19,-128],[-36,-220],[-37,-112],[-27,-190],[-31,-48],[-32,-164],[-80,58],[-50,181],[-2,76],[-72,182],[-30,161],[-65,136],[-95,63],[16,227],[-65,125],[-28,154],[-79,63],[-88,196],[-51,179],[-34,-68],[11,-90],[-63,-31],[10,-255],[-25,-90],[-113,-8],[-39,-141],[-122,-108],[40,-186],[150,83],[61,-118],[-25,-96],[-76,-17],[-66,22],[-50,69],[-35,-37],[-103,-11],[-64,-253],[-3,-79],[-92,-49],[-84,-101],[51,-149],[-46,-104],[28,-101],[-26,-136],[41,-100],[-9,-99],[-159,25],[-197,146],[-129,-101],[6,123],[-80,198],[4,105],[69,236],[-142,161],[-49,-56],[-74,3],[-44,76],[-120,132],[-26,80],[-17,170],[-36,96],[17,99],[-45,108],[-196,-20],[-150,75],[-128,84],[-59,88],[-25,-287],[-34,-123],[24,-172],[-154,-334],[-110,88],[-170,-67],[-69,92],[-227,39],[7,113],[-37,136],[-84,194],[-26,287],[-111,180],[-74,42],[-64,-68],[-116,83],[-22,60],[-177,106],[-161,13],[7,136],[-52,203],[-283,1056],[-17,357],[-69,212],[-221,459]],[[83472,85919],[110,-50],[167,41],[219,28],[148,106],[176,45],[130,-9],[163,58],[80,-5],[154,-67],[79,-115],[158,-97],[174,-211],[54,-44]],[[85284,85599],[132,-68],[121,-199],[76,-218],[60,-302],[67,-234],[113,-182],[154,-313],[174,-410],[197,-285]],[[86378,83388],[-100,-161]],[[86278,83227],[-100,197],[-202,89],[-51,44],[-43,175],[-79,158],[-149,200],[-148,166],[-96,10],[-35,-57],[-55,12],[-29,340],[-142,216],[-113,-36],[-29,-61],[10,-111],[-47,-127],[-110,-100],[-112,-247],[-126,29],[-22,-47],[-83,-40],[-79,-71],[-88,-43],[-39,16],[-89,-73],[-98,-35],[-66,69],[-62,-7],[-33,-67]],[[83963,83826],[-21,25],[-132,-79],[-39,70],[-48,3],[-55,137],[-66,-9],[-27,204],[-146,56],[-87,-40],[-66,62],[-31,172],[-60,108],[-109,149],[-90,202],[-56,30],[-27,161]],[[86792,81370],[183,-27],[883,-181],[194,-15],[97,12],[190,61],[225,143]],[[88564,81363],[220,-365],[-83,-170],[-119,-186],[105,-161],[145,-309],[-83,-169],[-98,-83],[-51,-173],[79,-277],[50,-93],[122,-134],[110,-200],[-12,-217],[82,-79],[34,62],[81,22],[110,130],[55,-81],[73,103],[139,-171],[31,55],[185,53],[66,-197],[80,-176],[32,33],[53,-260],[74,-61],[34,-110],[-8,-117],[39,-232],[77,-117],[194,205],[63,25],[104,-137],[65,-19],[114,99],[84,-80],[66,-23],[164,-193],[193,124],[66,-1],[85,-62],[-2,-77],[49,-82],[6,-127],[94,-82],[0,-75],[77,-36],[49,-65],[0,-82],[51,-135],[46,-6],[74,-103],[25,-180],[53,-545],[-39,-154],[32,-150],[114,-174],[80,-173],[81,-107],[94,-271],[77,-111],[-25,-152],[-49,-153],[31,-170],[74,-55],[35,-178]],[[92411,74178],[60,-121],[-50,-187],[26,-81],[-33,-52],[33,-87],[-156,-166],[-45,-114],[-39,-3],[-45,-154],[11,-90],[-41,-52],[-26,-202],[-72,-96],[-197,-150],[-157,-139],[-61,-83],[-54,-20],[-113,-118],[-81,-19],[-101,48],[-174,114],[-85,-90],[-57,53],[-216,-59],[-131,-135]],[[90607,72175],[-10,445],[-239,401],[-228,489],[-69,244],[-87,235],[-43,72],[-83,50],[-99,141],[-60,25],[-139,107],[-116,36],[-60,348],[10,122],[-32,200],[-111,138],[-62,47],[-62,100],[-137,53],[-29,79],[-86,87],[-8,199],[-82,149],[-146,-25],[-63,108],[-2,206],[61,141],[-83,280],[-81,64],[-78,141],[-90,-54],[-22,24],[-159,-22],[-219,218],[-63,24],[-21,256],[29,110]],[[87838,77413],[5,348],[-62,113],[36,87],[135,29],[12,-71],[75,9],[-12,202],[24,94],[-176,363],[-160,263],[-315,247],[41,59],[-126,87],[-40,78],[-154,157],[-38,93],[-40,21],[-43,102],[-100,102],[-84,12],[25,94],[65,18],[28,70],[-93,82],[-74,171],[-60,190],[59,165],[-57,154],[14,143],[71,24],[39,122],[-24,103],[31,58],[-48,168]],[[94707,63333],[119,95],[86,93],[80,222],[-4,534],[87,543],[163,336],[111,268],[8,145],[-38,58],[-85,9],[123,320],[4,58],[-46,175],[171,384],[141,357],[17,100],[73,269],[149,382],[98,179],[130,266],[253,-17],[-5,-142],[78,-120],[67,16],[81,129],[48,23],[64,87],[53,119],[232,326],[12,195],[5,584],[40,136],[-26,214],[-55,79],[-41,195],[-201,484],[-47,51],[-92,175],[-9,50]],[[96551,70710],[269,-65],[84,-33],[129,161],[44,0],[142,119],[112,-144],[48,-137],[57,-85],[178,-176],[106,-9],[126,-69],[43,-49],[54,-198],[37,-19],[152,44],[44,-22],[136,3],[49,-48],[-5,-94],[-91,-75],[-60,-111],[-70,-82],[-14,-79],[-2,-353],[-99,-195],[29,-174],[79,-23],[68,-220],[-35,-190],[-61,-182],[1,-81],[75,-91],[90,-159],[54,-20],[61,-127],[86,-32],[93,21],[93,-122],[80,-68],[249,122],[72,-226],[21,-138],[63,-635],[2,-180],[-42,-517],[-48,-104],[-8,-110],[-54,-213],[-142,-382],[-7,-69],[89,-623],[1,-93],[-121,-534],[-124,-197],[-85,-187],[-19,-298],[-35,-107],[-259,-344],[-112,-329],[10,-74],[118,-81],[102,-180],[61,-161],[79,-14],[131,-149],[74,-244],[86,-229],[17,-112],[72,-136],[-77,-162],[30,-48],[53,58],[127,-106],[71,-100],[68,-161],[41,-23],[60,64],[53,-72],[-7,-108],[72,17],[320,-452],[46,-144],[-3,-342],[29,-69],[143,-57],[49,-105],[-72,-853],[-265,-105],[-192,-53],[-190,76],[-47,-118],[15,-88],[-68,-16],[-85,-108],[23,-65],[-40,-199],[-141,-87],[-77,90],[-25,-23],[-143,94],[-4,-91],[-77,-28],[-8,-156],[66,-242],[-57,-14],[-55,124],[-152,135],[-49,111],[-38,180],[-87,-10],[-69,100],[-34,157],[-159,-86],[-6,97],[-64,37],[26,105],[-32,194],[-59,-49],[-102,134],[-47,-119],[-91,-139],[-125,-145],[-22,73],[-129,123],[-97,-90],[-74,-23],[-24,-101],[5,-100],[70,-102],[-35,-140],[27,-221]],[[97190,57431],[-41,-21],[-35,82],[-402,-70],[-75,-109],[-80,17]],[[93651,64061],[19,261],[-58,202],[-59,144],[28,163],[-13,120],[-82,97],[-123,-107],[-96,86],[-70,99],[-77,173],[-65,0],[-96,42],[-223,138],[58,35],[25,205],[-14,133],[-39,90],[34,64],[-91,155],[10,48],[138,142],[38,88],[26,196],[-7,78],[-67,42],[35,105],[-7,259],[-24,136],[1,168],[-17,355],[18,342],[-26,209],[-116,453],[-53,582],[-8,392],[13,223],[-49,260],[-161,42],[-128,132],[-102,234],[-1,85],[69,5],[-2,204],[36,120],[131,279],[158,93],[36,86],[111,61],[21,90],[66,105],[70,2],[238,125],[72,-1],[123,37],[17,-27],[133,116],[109,40],[122,103],[160,43],[52,50]],[[93944,72263],[86,26],[186,-28],[115,12],[16,49]],[[94347,72322],[19,20]],[[94366,72342],[-20,-117],[49,-216],[119,-123],[-95,-64],[29,-110],[76,2],[66,-296],[63,-184],[68,-76],[14,-111],[60,-153],[-11,-128],[-56,-70],[44,-58],[78,-199],[51,-32],[104,184],[124,86],[102,2],[105,66],[106,137],[171,155],[65,-79],[22,-162],[39,-73],[65,17],[110,-23],[96,211],[107,180],[145,-163],[110,65],[81,-2],[98,-298]],[[84157,79423],[63,38],[84,-5],[48,88],[-9,50],[98,21],[203,99]],[[84644,79714],[139,81],[100,108],[142,36],[75,78],[65,139],[149,78]],[[85314,80234],[34,-72],[55,-18],[45,-115],[73,-122],[44,-25],[43,-140],[163,-30]],[[85771,79712],[-67,-150],[24,-91],[61,-73],[110,9],[10,-129],[164,-163],[-3,-102],[35,-45],[-55,-196],[-1,-196],[83,-78],[16,-87],[-42,-98]],[[86106,78313],[-42,6],[-28,121],[-115,-62],[-25,-63],[-3,-129],[-149,-154],[-43,-1],[-85,63],[-102,12],[-141,-65],[-69,67],[-91,-78],[-102,-199],[-63,130],[-91,-125],[-27,-145],[-74,-60],[-49,141],[-133,-160],[-39,94],[-110,-30],[-160,-20],[-51,12],[-86,108],[-104,187],[-105,260],[59,46],[-2,143],[-47,95],[54,82],[60,27],[13,178],[-49,190],[79,68],[54,92],[56,44],[-139,235]],[[88564,81363],[133,131],[152,203],[124,-235],[155,30],[-31,66],[100,153],[-20,54],[64,72],[20,91],[105,134],[115,111],[65,-79],[81,92],[59,28],[45,-60],[68,-11],[98,177],[50,239],[-46,112],[46,43],[36,-93],[99,20],[6,62],[131,204],[136,-34],[125,118],[36,-29]],[[90516,82962],[152,-92],[-57,-91],[-142,-140],[-31,-73],[142,-388],[54,-60],[25,-141],[75,-110],[-3,-75],[-118,-236],[22,-123],[-16,-137],[17,-215],[51,-100],[-27,-207],[59,-113],[63,-52],[21,-77],[85,189],[62,60],[109,11],[190,-28],[184,-163],[91,25],[203,13],[116,-109],[82,16],[133,-13],[78,-456],[-25,-626],[15,-82],[-53,-156],[18,-71],[-22,-171],[558,-1092],[104,581],[-3,193],[83,257],[16,113],[68,222],[-11,166],[57,245],[77,78],[45,-130],[121,-200],[73,-34],[135,1],[46,-69],[89,-75],[73,98],[121,73],[99,-19],[406,-843],[204,-94],[475,-316],[43,398],[-49,340],[-66,144],[138,189],[70,137],[120,341],[-17,18]],[[95144,79693],[45,-6],[521,60],[165,106],[162,-91],[69,-136]],[[96106,79626],[5,-3]],[[96111,79623],[1,-282],[-13,-135],[-39,-139],[-166,-419],[-58,-118],[-147,-193],[-155,-150],[-38,-164],[52,-265],[-15,-112],[-69,-230],[-91,-212],[-79,-326],[-17,-109],[-17,-269],[11,-172],[-10,-135],[-71,-259],[-10,-108],[11,-207],[-12,-138],[-49,-119]],[[95130,75362],[-3,21]],[[95127,75383],[48,172],[3,347],[62,223],[25,167],[-11,253],[13,194],[34,193],[-324,225],[-103,15],[-18,-92],[-59,-157],[-10,-170],[-72,-201],[-100,-146],[-155,-170],[-83,-74],[-66,-219],[-44,-54],[23,-88],[-40,-123],[-307,-259],[-78,29]],[[93865,75448],[-663,308],[-23,-918],[-96,-116],[-38,-121],[-108,-140],[-184,-134],[-40,-72],[-93,-64],[-95,50],[-71,7],[-43,-70]],[[83963,83826],[32,-142],[55,-119],[77,-51],[16,-52],[97,-109],[20,-145],[-16,-56],[-74,-74],[-103,-52],[-59,-75],[-83,-157],[-46,-30],[-87,110],[-47,-7],[-97,-200],[74,-229],[45,-235],[52,-127],[39,-263],[-7,-201],[66,-135],[7,-159],[111,-220],[23,-123],[61,-43],[6,-77],[71,-103],[65,-28],[107,-163],[-39,-82],[34,-113],[75,-27],[21,-77],[65,27],[35,-184],[62,-92],[-7,-80],[30,-219]],[[84157,79423],[-36,61],[-25,189],[-72,-82],[-196,-31],[-47,19],[-136,-78],[-74,-23],[-23,-87],[-95,-122],[-77,-140],[-65,-81],[106,-142],[94,-309],[101,-132],[90,-223],[-77,-110],[-39,-127],[-70,-130]],[[83516,77875],[-134,-64],[-142,-16],[-105,-99],[-97,-64],[-54,69],[-204,185],[-58,12],[-57,181],[-247,-201],[-153,-200],[-104,-74],[-119,-111]],[[82042,77493],[-51,244],[-10,107],[-51,160]],[[90607,72175],[-285,-43]],[[90322,72132],[-152,-164],[-229,-219],[-404,-361],[-367,-334],[-466,-527]],[[88704,70527],[-122,-78],[-66,-158],[-29,-138],[-85,-131],[-39,-125],[-76,-50],[-114,30],[-156,-59],[-121,41],[-142,-33],[-50,-96],[-97,-110],[1,-240],[-719,-574],[-249,-379]],[[86640,68427],[3,59],[-252,443],[73,88],[-62,309],[-41,92],[-26,206],[25,248],[-87,3],[-18,-124],[-95,-113],[-65,-31],[-98,259],[-26,33],[-58,207],[-10,156],[-64,196],[-40,31],[-80,171],[-169,50],[-3,74],[-68,87],[40,174],[103,106],[-104,193],[-41,20],[-123,275],[-188,-128]],[[85166,71511],[47,219],[31,204],[30,41],[-40,152],[5,126],[-21,233],[8,327],[24,105],[-59,130],[6,49],[-66,182],[51,120],[208,280],[99,54],[45,-31],[142,80],[34,-67],[80,-52],[34,61],[62,15],[70,-39],[107,9],[16,39],[-26,263],[22,150],[88,99],[12,46],[96,81],[71,287],[-61,72],[-122,475],[-146,338]],[[86013,75559],[-31,76],[14,228],[52,244],[-12,117],[-42,58],[-69,19],[-123,154],[-47,15],[24,147],[79,123],[69,52],[32,70],[94,-2],[74,-192],[56,-20],[61,-80],[156,-29],[66,20]],[[86466,76559],[60,-277],[67,-70],[83,-40],[200,14],[97,80],[43,101],[187,70],[95,76],[124,182],[-27,123],[34,118],[104,147],[11,49],[84,53],[110,180],[100,48]],[[88042,85084],[115,121],[164,131],[130,128],[286,1300],[382,1833],[25,137]],[[89144,88734],[21,-79],[524,-541],[-29,-221],[37,-138],[-30,-208],[-68,-106],[-85,-177],[22,-73],[-50,-100],[33,-110],[-29,-162],[24,-128],[52,-58],[25,-89],[-6,-229],[83,-122],[52,37],[32,341],[50,339],[64,-49],[77,-112],[316,-173]],[[90259,86576],[49,-285],[-190,-238],[94,-214],[66,-87],[-60,-163],[-159,-280],[-8,-109],[-91,67],[-117,-121],[-139,-45],[-98,54]],[[89606,85155],[-135,-32],[-59,-66],[-54,-243],[-60,-173],[-120,-251],[-57,-87],[-76,4],[-60,175],[-174,-61],[-67,125],[-34,14],[-72,-115],[-185,36],[-122,119],[-71,-41],[-60,51],[-78,202],[-19,86],[31,53],[-92,133]],[[80733,54005],[-21,107],[-80,209],[198,244],[193,360],[47,241],[75,559],[18,52],[-29,94],[92,174],[59,140],[77,50],[115,112],[19,174],[-14,126],[22,113],[-20,81],[-582,96],[-73,-166],[-57,25],[-34,141],[-72,141],[-69,189],[-84,98],[-93,269],[0,85],[-39,60],[-57,261],[-40,353],[-63,349],[55,-42],[115,40],[94,235],[65,129],[-18,68],[-10,223],[-27,109],[-63,112],[81,177],[33,175],[-94,122],[114,74],[121,200],[59,209],[-36,206]],[[80710,60779],[108,35],[5,158],[66,65],[115,-52],[210,-41],[57,43],[150,165],[249,30],[41,36],[124,22]],[[81835,61240],[2,-148],[33,-28],[86,-302],[59,-101],[62,-30],[22,-97],[-4,-112],[39,-134],[56,-101],[98,-118],[109,-99],[92,-141],[58,-55],[94,-160],[90,-91],[104,-36],[30,55],[56,-21],[137,92],[63,13],[85,73],[137,58],[250,77],[160,176],[56,-13],[105,53],[24,-107],[-19,-101],[-25,-405],[95,-228],[36,-264],[-18,-252],[36,-122],[77,-96],[58,-160],[4,-121],[145,-122],[45,67],[-12,426]],[[84360,58565],[102,71],[234,-183],[26,-57],[90,-326],[76,-25],[-49,-313],[43,-61],[-62,-53],[-75,-527],[-24,-123],[-84,-40],[-2,-118],[-107,-62],[-43,-75],[18,-98],[43,-4],[56,-213],[-105,-72],[-112,-152],[29,-58],[-45,-189],[-127,-31],[35,-167],[-65,-83],[57,-91],[-42,-99],[-18,-110],[108,4],[140,87],[316,43],[108,-57],[126,-28],[74,-44],[144,-40],[-2,-115],[-88,28],[-31,-208],[-90,45],[-73,-288],[-18,-291],[-226,7],[-175,-121],[-211,-221],[-159,-41],[-67,-106],[-111,25],[-2,53],[-151,224],[-104,53],[-83,-99],[-83,-64],[-241,-8],[-87,10],[-24,-75],[37,-205],[-28,-27],[-45,-407],[-50,52],[9,267],[-8,156],[-108,18],[25,117],[-88,154],[-106,-2],[-207,-27],[-93,-64],[-91,-21],[-10,-51],[-78,24],[-111,160],[-184,169],[-139,30],[-100,-31],[-96,-95],[-154,-20],[-27,-169],[-76,-172],[-79,-45],[-50,21],[-58,-40],[-199,-7],[-139,95],[-140,-49],[-73,95]],[[86466,76559],[-32,248],[2,179],[-49,119],[-20,115],[-57,136],[-30,173],[-5,217],[30,161],[-61,125],[-43,13],[-51,183],[-44,85]],[[85771,79712],[59,245],[83,181],[-70,73],[-20,70],[-82,81],[21,128],[131,133],[234,145],[63,151],[42,-15],[51,270],[42,137],[163,97],[65,104],[84,83],[108,-92],[47,-133]],[[88564,81363],[-226,352],[-199,256],[-119,140],[-147,373],[-214,647],[-106,215],[-258,429],[12,68],[212,509],[116,201]],[[87635,84553],[60,99],[347,432]],[[89606,85155],[90,-160],[-11,-192],[42,-185],[152,-246],[87,18],[84,-41],[5,-62],[85,-124],[90,17],[114,-155],[83,-222],[-12,-58],[108,-175],[-16,-61],[21,-104],[68,-115],[-80,-328]],[[90510,60248],[-320,138],[5,-58],[-119,57],[-537,17],[-369,-155]],[[89170,60247],[25,145],[-7,122],[57,162],[53,294],[-13,191],[59,227],[56,70],[9,64],[-53,160],[-146,128],[-42,78],[-50,6],[-30,84],[-123,52],[-26,118],[-123,151],[-38,82],[-79,44],[-68,-78],[-15,170],[13,74],[-44,77],[13,159],[-29,67],[-76,-20],[-69,-119],[-104,-8],[-21,-96],[-112,27],[-75,141],[-88,29],[-77,59],[-36,182],[-52,39],[111,171],[121,-29],[-3,212],[-61,183],[92,115],[-88,169],[67,76],[124,351],[67,293],[-77,126],[-51,-60],[-26,66],[-5,126],[-85,125],[-19,192],[16,140],[-63,144],[-53,203],[-43,323],[-49,170],[-74,135],[-56,236],[47,180],[104,74],[89,-36],[224,101],[133,28],[43,69],[167,-4],[101,-43],[96,-99],[93,2],[123,130],[54,14],[96,91],[34,115],[-63,122],[58,170],[96,193],[11,62],[-60,96],[-101,70],[-94,318],[-37,274],[24,802],[39,205],[-277,998]],[[90322,72132],[105,-447],[575,-1223],[51,-276],[31,-274],[106,-522],[59,-230],[64,-73],[-68,-296],[-14,-167],[-88,-31],[-29,-188],[-88,-173],[22,-92],[-28,-53],[93,-94],[-57,-68],[19,-83],[-43,-63],[64,-271],[-21,-35],[2,-184],[-57,-22],[-28,-100],[-119,-5],[-44,78],[-50,10],[-115,-63],[-65,-251],[-101,-58],[-46,-61],[101,-152],[69,-18],[59,-131],[42,42],[37,-55],[212,-95],[38,67],[157,-142],[-103,-137],[-62,-146],[-120,-138],[-157,-88],[-80,-149],[-116,-53],[-48,-76],[177,-70],[45,-91],[77,-51],[38,-190],[-70,-264],[-19,-212],[-32,-143],[-48,-108],[51,-168],[-84,-83],[40,-62],[-48,-138],[33,-36],[-70,-204],[81,-80],[-66,-45],[-47,-87],[-2,-107],[-49,-27],[91,-181],[125,-89],[-110,-258],[28,-54],[-91,-211],[85,-159],[29,49],[132,-312],[144,-125],[7,-125],[152,14],[87,32],[111,196],[14,62],[86,28],[69,56],[74,-32],[56,105],[87,10],[78,-65]],[[82042,77493],[91,-469],[27,-399],[-76,-238],[-70,-106],[-23,-329]],[[83516,77875],[97,-188],[-27,-88],[11,-116],[-36,-130],[-14,-186],[57,-106],[-13,-181],[33,-53],[18,-145],[40,-72],[23,-128],[39,-42],[184,-33],[26,-214],[-146,-95],[36,-289],[-131,-109],[37,-211],[132,-179],[211,-335],[403,118]],[[84496,75093],[-32,-115],[-55,-40],[-202,-19],[-105,-81],[-38,-104],[-80,-69],[-100,-9],[-41,-74],[-60,42],[-212,4],[47,-112],[-16,-79],[-74,6],[-30,-47],[-114,29],[-64,-51],[-98,90],[-74,22],[-72,126],[-43,-225],[-40,-30],[-17,-116],[-53,22],[-86,-20],[-94,71],[-69,284],[-106,-120],[-105,-77],[-58,-110],[2,-105],[-216,-253],[-258,-255],[-124,-105],[-93,-32],[-105,-6]],[[90259,86576],[347,-190],[312,31],[108,-2],[99,102],[90,-184],[91,208],[53,11],[299,-34],[113,-43],[100,-147],[89,-188],[13,-231],[82,-222],[5,-107],[-48,-159],[9,-38],[269,-571],[4,-171],[53,-96],[118,-97],[-7,-93],[53,-130],[72,-115],[-40,-130],[63,-292],[105,-237],[18,-119],[222,-208],[0,-83],[173,-206],[-40,-71],[95,-463],[26,-70],[178,40],[86,-5],[195,52],[163,91],[142,-41],[55,-99],[40,-228],[1,-88],[-39,-109],[-167,-245],[-73,-135],[-82,-373],[30,-226],[34,-116],[65,-77],[87,-20],[92,61],[71,23],[56,-18],[96,-78],[259,36],[133,5],[127,31],[88,93],[42,129],[1,217],[68,141],[96,30],[61,-38],[53,-106],[27,-116],[114,-148],[60,-120],[125,-82],[251,90],[150,102],[102,-38],[44,-85],[81,-352],[72,-241],[53,-235],[-17,-100],[-89,-151],[-25,-79]],[[96106,79626],[18,71],[86,146],[19,115],[-196,777],[-29,75],[-82,73],[-73,-21],[-89,-73],[-208,-87],[-81,-10],[-61,27],[-68,81],[-48,99],[-108,131],[-50,182],[-101,90],[-98,-56],[-38,-102],[-5,-240],[-41,-111],[-79,-95],[-76,-18],[-176,-8],[-293,-47],[-114,96],[-85,-11],[-81,-65],[-87,0],[-110,99],[-31,114],[-24,226],[-59,38],[-75,-144],[-95,30],[-67,-56],[-75,49],[-97,-77],[397,-743],[70,-67],[-93,-254],[-120,-81],[18,-115],[152,-139],[118,219],[68,37],[-39,190],[65,-1],[69,206],[67,62],[39,-61],[92,-50],[20,-64],[93,71],[143,-84],[79,-14],[62,60],[59,-50],[60,70],[460,-400],[36,-23]],[[93555,81689],[147,-170],[-66,-175],[80,-64],[62,200],[36,66],[207,303],[35,152],[-39,237],[-33,86],[-68,48],[-147,-8],[-103,-67],[-195,-52],[-108,3],[-152,-37],[78,-173],[123,-222],[143,-127]],[[97190,57431],[-25,-78],[-180,52],[-126,-99],[-15,-103],[46,-24],[-40,-144],[76,-63],[-29,-105],[-83,-108],[30,-98],[-73,-109],[-33,-188],[-50,-51],[-80,-13],[-36,-60],[13,-79],[61,-156],[-36,-44],[-12,-114],[-47,-165],[0,-128],[43,-122],[64,-13],[91,-243],[-31,-159],[-54,-113],[-77,-42],[-117,-214],[-26,-151],[-71,-118],[-66,-67],[-117,80],[-81,-55],[-75,-149],[-53,41],[-87,-29],[-38,46],[-37,153],[-96,-88],[-6,-42],[-138,-151],[-127,-78],[-8,-52],[-226,-33],[-41,66],[-105,-150],[-139,-113],[-107,-3],[-24,-108],[-120,-186],[13,128],[-89,44],[-45,-154],[-49,-72],[-116,-37],[-82,-144],[42,-120],[-65,-112],[20,-65],[-103,-312],[-29,-174],[-146,-220],[-56,-22],[-135,23],[-81,44],[-123,-55],[-56,-64],[-71,-5],[-36,-118],[-45,-49],[-7,-119]],[[93423,51858],[-55,22],[-39,-69],[-85,-56],[-51,186],[-158,3],[-67,105],[-72,-11],[-40,64],[-102,83],[-75,-90],[3,-161],[-24,-72],[-121,-78],[-136,58],[-92,18],[2,112],[-42,94],[-30,163],[27,108],[-44,133],[-66,29],[-68,-47],[2,98],[-188,64],[-55,-25],[-46,-86],[-187,134],[-84,-76],[-20,64],[-69,-52],[-135,131],[-79,11],[-21,-78],[-67,135],[-90,-157],[-39,141],[-56,11],[-110,-81],[-105,51],[23,111],[-34,80],[11,102],[-73,94],[-73,4],[-135,168],[-12,128],[-43,89],[-171,129],[-11,87],[-98,161],[-91,70],[-135,13],[-426,135],[-15,16],[-552,51]],[[88904,54175],[-1,252],[-27,133],[19,79],[-2,392],[29,88],[-6,143],[26,329],[39,138],[-13,219],[21,402],[51,336],[-91,134],[10,91],[-42,359],[23,153],[-78,184],[-45,67],[-88,67],[-151,50],[-113,99],[-160,101],[-128,56],[-89,64],[-27,148],[-50,109],[-54,210],[47,69],[-5,131]],[[87999,58778],[210,23],[287,-31],[119,249],[-46,195],[-134,-36]],[[88435,59178],[63,120],[68,65],[110,215],[122,80],[100,-17],[104,56],[139,37],[53,61],[-26,90],[-10,217],[12,145]],[[86640,68427],[-68,-108],[-102,-62]],[[86470,68257],[-92,-84],[-111,-29],[-78,-72],[-118,-73],[-103,-110],[-30,-65],[-164,-184],[-122,-27],[-64,-60],[-553,-316],[-56,-26],[-208,-209],[-148,-182],[-283,-135],[-457,-304],[-24,15],[-156,-141],[-83,-97],[-154,-59]],[[83466,66099],[-48,404],[-26,160],[-17,330],[70,423],[50,188],[7,205],[26,238],[50,211],[-19,101],[-61,42],[-58,140],[20,75],[-8,141],[23,297],[32,71],[-10,78],[27,86],[61,51],[20,67],[97,90],[69,152],[-2,160],[-21,131],[67,178],[44,-61],[75,81],[42,-19],[112,44],[148,193],[84,31],[254,248],[125,29],[48,-35],[71,53],[25,132],[-3,202],[-76,37],[-37,107],[58,156],[-39,123],[163,80],[49,63],[35,-29],[74,22],[99,-64]],[[88435,59178],[58,404],[31,147],[-40,110],[5,64],[55,176],[-81,146],[-50,548],[-172,192],[-140,74],[-226,16],[-136,138],[-66,209],[-2,92],[-37,212],[-165,5],[-163,179],[-337,-58],[-177,-144],[-103,-11],[-126,15],[-83,129],[-196,94],[-86,-54],[-24,88],[-64,92],[-31,99],[-120,46],[-35,65],[-28,251],[-24,47],[-64,-6],[-42,-132],[-37,-32],[-1,-230],[-60,-58],[-81,17],[-130,70],[-112,-4],[-84,-32],[-102,-82],[-72,-13],[-13,68],[93,286],[-31,25],[-80,-214],[-35,37],[59,234],[15,124],[-157,-79],[-127,-3],[-109,58],[6,88],[-34,245],[-57,-51],[-62,4],[-64,48],[-112,182]],[[84379,63099],[26,171],[78,88],[13,67],[103,136],[95,84],[58,-58],[242,-115],[119,36],[0,90],[80,12],[135,163],[96,89],[12,-111],[189,-2],[57,144],[-6,276],[139,144],[85,240],[75,251],[135,82],[165,342],[39,246],[25,81],[82,138],[75,51],[-14,201],[59,137],[-222,361],[-116,213],[23,125],[110,132],[8,78],[111,40],[-20,177],[-71,130],[-48,156],[104,62],[138,146],[57,84],[-75,223],[-70,248]],[[82750,66217],[94,29],[42,-20],[173,-12],[147,20],[260,-135]],[[84379,63099],[-101,-64],[-45,-145],[-85,8],[-26,-106],[-78,-178],[-84,12],[-52,44],[-43,-39],[-95,-159],[-102,-89],[-81,-131],[-215,-121],[-9,-92],[-229,-88],[-346,-28],[-161,-136],[-139,-77],[-53,-50],[-310,-200],[-293,-147],[3,-73]],[[80710,60779],[-107,-31],[-78,25],[-64,-16],[-132,228],[-190,-192],[-100,-87],[-97,56],[-90,-93],[-103,32],[-114,72],[-155,-20],[-93,-110],[-82,70],[19,169],[11,299],[52,163],[70,159]],[[84496,75093],[120,59],[138,23],[-82,-284],[-32,-74],[-386,-553],[106,55],[62,-1],[119,50],[113,17],[220,211],[263,125],[78,3],[144,-31],[126,41],[71,107],[52,25],[17,135],[51,77],[14,104],[69,145],[57,204],[121,-46],[76,74]],[[93865,75448],[-15,-126],[-68,-5],[-75,-155],[-166,-219],[-88,-67],[-17,-111],[55,-24],[70,-147],[-12,-876],[87,-30],[99,30],[92,-75],[128,-210],[87,-97],[63,78],[-4,196],[120,305],[90,73],[54,110],[9,151],[53,176],[6,156],[26,70],[117,124],[92,-9],[122,-101],[85,49],[32,136],[-5,217],[28,105],[60,101],[92,97],[45,13]],[[95130,75362],[-194,-221],[-15,-58],[-9,-307],[-65,-121],[-58,-20],[-64,31],[-81,92],[-40,7],[-88,-70],[-63,-101],[-10,-195],[-58,-169],[-6,-145],[-79,-137],[-93,-84],[-73,-217],[-19,-129],[6,-285],[-43,-153],[3,-146],[63,-208],[107,-72],[99,-186],[16,-126]],[[94347,72322],[-17,156],[-64,127],[-134,107],[-67,184],[-9,87],[-115,-22],[-134,-258],[-3,-72],[58,-82],[82,-286]],[[86378,83388],[106,167],[25,143],[56,149],[48,82],[58,220],[53,24],[102,156],[56,116],[72,64],[139,85],[107,101],[130,71],[70,101],[120,-146],[115,-168]],[[85314,80234],[69,163],[89,131],[90,102],[77,224],[205,188],[-70,123],[-55,172],[-19,298],[45,200],[12,126],[-43,146],[-58,405],[141,192],[112,259],[118,84],[179,96],[72,84]],[[87999,58778],[-209,-59],[-336,-114],[-53,192],[-59,104],[-31,126],[-157,155],[-28,61],[-140,0],[-187,136],[-44,-42],[-67,-222],[-142,-150],[-64,-11],[-130,44],[-118,95],[-183,59],[-63,96],[-40,-3],[-47,78],[-88,69],[-25,61],[-108,-13],[-36,37],[-185,-74],[-70,67],[-141,69],[-48,65],[-218,129],[-195,180],[-102,168],[-44,-187],[17,-25],[-91,-225],[-61,-99],[17,-39],[-69,-135],[-69,-208],[-16,-488],[-9,-110]],[[93423,51858],[111,-219],[-30,-213],[-93,-70],[-98,20],[-48,-37],[-41,-147],[0,-194],[126,-29],[56,-38],[67,-104],[73,-48],[16,-144],[84,-171],[26,-251],[86,-173],[94,-52],[-8,-45],[-78,-71],[-11,-96],[33,-89],[-46,-137],[43,-250],[-69,-187],[86,-244],[89,-129],[-24,-124],[-98,-126],[121,-117],[63,-24],[-150,-210],[-81,-61],[-109,2],[-72,91],[-65,-8],[-137,-56],[-97,29],[-106,-44],[-49,-61],[15,-119],[-25,-62],[-24,-242],[-113,-4],[-59,157],[-39,151],[-90,100],[-78,32],[-29,-69],[-47,-231],[30,-93],[58,-69],[5,-69],[-69,-36],[-130,-3],[-23,-100],[23,-117],[90,-186],[76,-93],[-10,-68],[46,-76],[-81,-267],[-56,-77],[-116,-42],[-154,30],[-29,-15],[-2,-130],[65,-131],[147,-97],[59,-169],[58,111],[134,171],[62,-98],[66,-24],[-26,-182],[22,-53],[37,-311],[-90,-209],[-15,-126],[-97,-140],[-146,-52],[-87,-3],[-5,-234],[-21,-122],[-65,21],[-35,-40],[-98,16],[-116,284],[-192,157],[-168,20],[-41,-23],[-3,139],[41,128],[39,311],[55,23],[21,194],[135,149],[69,27],[-22,90],[-109,64],[-74,189],[-77,66],[69,256],[80,193],[-15,102],[-485,506],[-49,13],[-114,-88],[-54,-14],[-166,92],[-62,72],[-81,23],[-125,-81],[14,-120],[-24,-58],[47,-365],[-6,-140],[-48,-186],[4,-137],[-126,62],[-69,-3],[-83,-142],[-129,-138],[-187,58],[-205,183],[-135,59],[-186,163],[-184,228],[-77,193],[6,362],[-42,288],[-37,133],[-60,408]],[[89250,48401],[39,36],[-126,483],[-37,112],[12,135],[74,65],[163,250],[38,127],[70,92],[-18,136],[14,112],[40,86],[-75,96],[-86,23],[-59,105],[-124,-85],[-40,-56],[0,-103],[-69,57],[-164,-33],[-10,124],[86,470],[-81,264],[-9,289],[26,241],[-27,125],[-56,109],[-14,218],[20,170],[-38,258],[103,425]],[[88902,52732],[31,97],[28,216],[57,289],[-72,472],[-42,369]],[[85284,85599],[91,404],[176,384],[185,370],[80,100],[73,204],[173,322],[-25,59],[-38,238],[-82,98],[23,103],[-148,94],[-12,96],[-108,-33],[-52,80],[-13,105],[-107,252],[-33,206],[62,119],[114,-105],[39,-75],[114,-90],[91,270],[62,-8],[54,-63],[99,103],[41,-95],[30,-280],[151,80],[28,-10],[270,394],[59,-27],[86,19],[76,79],[43,-11],[106,50],[62,93],[146,52],[44,-34],[132,144],[83,-40],[232,-66],[102,-68],[64,-124],[-27,-189],[60,-54],[85,13],[108,-127],[38,40],[257,-39],[99,72],[58,-59],[89,77],[52,-23],[280,90],[85,-4],[103,-51]],[[65130,84585],[156,227],[119,123],[171,298],[-41,98],[9,77],[-120,392],[3,128],[-180,-21],[-37,94],[5,65],[80,226],[-42,31],[34,100],[124,-34],[20,183],[127,-191],[76,-45],[43,35],[40,-82],[90,-38],[64,-157],[85,-27],[93,166],[159,69],[70,76],[112,0],[70,-66],[49,64],[294,-6],[93,-193],[38,-18]],[[66934,86159],[-47,-62],[28,-70],[-13,-150],[68,-497],[50,12],[23,-190],[33,-63],[-27,-106],[-52,-77],[54,-134],[62,-217],[-87,-321],[-75,-160],[34,-50],[-37,-124],[-102,-200],[-50,50],[-58,116],[-112,-102],[-119,-69]],[[66507,83745],[-33,102],[-124,202],[-64,67],[-168,-185],[-84,251],[-38,56],[-56,261],[-95,-14],[-55,-50],[-30,44],[-48,-219],[-94,-56],[-78,216],[-42,-77],[-94,-68],[-200,-31],[-42,145],[-32,196]],[[62847,77824],[12,221],[-22,306],[36,189],[-55,556],[-40,126],[6,191],[32,40],[55,249],[-1,130],[68,-68],[151,58],[-25,75],[9,104],[78,70],[97,-50],[40,39],[-15,304],[-66,284],[134,71],[105,-10],[157,-55],[176,-127],[98,-5],[203,-44],[46,174],[55,129],[98,-134],[82,132],[88,182],[283,293],[37,26]],[[64769,81280],[193,-122],[75,-89],[104,101],[77,-145],[253,38],[123,98],[260,162],[148,-277],[-6,-108]],[[65996,80938],[-43,-80],[52,-105],[-102,-112],[42,-126],[83,-126],[-94,-168],[72,-73],[-57,-255],[62,-64],[18,-92]],[[72496,83850],[-483,274],[-374,218]],[[71639,84342],[-394,222],[-202,120],[-339,177]],[[70704,84861],[69,205],[-42,206],[-38,70],[206,501],[-1,73],[55,80],[-90,195],[-17,204],[28,303],[-27,403],[97,39],[62,99],[66,-23],[31,-190],[147,31],[117,299],[50,-30],[30,66],[127,-30]],[[71574,87362],[58,43],[146,-17],[29,-254],[-13,-251],[67,-85],[93,-10],[17,-133],[34,-47],[181,-95],[-24,-94],[28,-56],[116,-118],[68,63],[143,231],[102,-245]],[[68403,80468],[115,226],[36,397],[-44,141],[-16,145],[25,254],[-29,205]],[[68490,81836],[124,3],[130,-36],[37,299],[79,33],[43,312],[104,285],[-50,65],[121,335]],[[69078,83132],[13,35],[169,-222],[20,58],[157,-120],[114,-145],[172,-111],[45,10],[155,-148],[47,3],[117,168],[193,167],[3,74]],[[70283,82901],[164,-73],[-29,-86],[53,-49],[-56,-130],[252,-234],[-9,-69],[95,-19],[-11,-63],[102,-97],[28,-71],[-23,-83],[51,-63],[151,-108],[-79,-352],[58,-71],[-59,-134],[20,-79]],[[70283,82901],[41,123],[458,-215],[352,-173],[94,-89],[328,1420],[83,375]],[[66507,83745],[130,-293],[-40,-67],[61,-319],[58,-26],[77,-163],[82,-80]],[[66875,82797],[-36,-154],[-183,-298],[-154,-145],[-95,-197],[-37,-107],[79,-83],[-62,-162],[142,-131],[-92,-203],[-80,-36],[-62,-125],[-44,57],[-52,-33],[-117,-202],[-59,-75],[-27,35]],[[64769,81280],[4,76],[-186,278],[-27,106],[-117,197],[-10,88],[97,149],[6,100],[107,87],[418,219],[-59,350],[-86,113],[-21,80],[-175,231],[-9,64],[-81,68],[-79,207],[44,217],[57,64],[-33,76],[109,120],[-52,139],[-72,84],[77,188]],[[64681,84581],[53,3],[162,200],[165,-188],[69,-11]],[[60998,85082],[176,-287],[200,20],[229,99],[-36,157],[70,34],[70,-35],[47,69],[113,85],[110,24],[140,211],[26,-22],[76,114],[-65,137],[-46,36],[18,150],[-31,137]],[[62095,86011],[71,31],[16,-82],[74,62],[60,-87],[-35,-78],[70,-216],[57,-38],[59,-88],[-33,-48],[52,-107],[140,182],[168,-69],[50,-195],[97,92],[48,-36],[100,-153],[111,-42],[78,118],[76,15],[-3,182],[61,95],[144,41],[45,-71],[60,-16],[136,-96],[62,80],[223,-154],[30,-107],[128,-63],[-34,-137],[79,-26],[126,-177],[154,-109],[116,-133]],[[62248,78023],[-53,141],[-151,222],[-40,142],[-59,287],[-54,192],[-55,354],[264,535],[21,120],[-65,380],[47,414],[-279,168],[-31,87],[-167,-162],[-381,221],[-98,-94],[-35,-299],[-59,-240],[-58,-112],[-25,-114],[-45,-64],[-148,270],[-56,56],[-99,23],[-140,-91],[-132,-9],[-105,290],[-33,220],[-33,91]],[[61061,88486],[56,-30],[131,-146],[108,-97],[69,-110],[51,-28],[69,-131],[122,-92],[195,-193],[-85,-164],[15,-73],[-89,-114],[127,-198],[-46,-161],[39,-157],[-9,-103],[-68,-130],[107,-107],[88,-144],[51,-123],[103,-174]],[[70704,84861],[-188,74],[-228,61],[-158,26],[-1093,161]],[[69037,85183],[0,169],[77,121],[69,-12],[-44,124],[17,98],[141,196],[-20,165],[-52,-4],[-45,135]],[[69180,86175],[34,81],[-35,92],[28,44],[-55,191],[37,48],[124,336],[68,-70],[245,281],[244,229],[104,167],[361,603],[498,41],[107,-58],[81,-170],[37,-120],[179,217],[200,201],[34,-88],[54,-230],[18,-294],[-13,-56],[44,-258]],[[69078,83132],[-94,76],[-14,-128],[-225,153],[-15,-60],[-129,105],[102,163],[-30,190],[25,31],[91,243],[-45,32],[20,136],[-49,156],[8,97],[105,21],[15,157],[16,374],[-31,4],[-12,287],[211,-5],[10,19]],[[66934,86159],[90,83],[52,158],[-6,91],[34,179],[64,109],[18,-182],[24,-82],[-22,-100],[86,-332],[198,-36],[211,-77],[53,50],[151,71],[41,197],[122,197],[43,25],[-10,206],[113,38],[65,198],[151,-107],[134,-242],[17,51],[137,-70],[64,34],[63,-51],[44,-106],[73,-104],[-29,-37],[123,-257],[121,126],[21,-14]],[[68490,81836],[-242,-77],[49,306],[81,293],[-102,54],[-235,194],[-96,-49],[-88,103],[-316,172],[-80,179],[-136,243],[-78,92],[-117,-148],[-227,-339],[-28,-62]],[[61316,77048],[-105,42],[-178,106],[-132,184],[-247,243],[-12,69],[-77,48],[-79,114],[26,194],[-1,198],[86,81],[-75,253],[-217,238],[-62,28],[-74,87],[-161,87],[-76,138]],[[59932,79158],[129,171],[113,340],[-169,612],[147,138],[74,19],[-124,286],[-57,106]],[[81206,8945],[146,126],[-99,82],[-47,308],[44,335],[-84,57],[38,207],[-9,62],[-62,39],[-64,-193],[-66,-90],[-44,171],[-25,154],[-236,86],[-64,-28],[-63,-96],[-65,29],[-49,125],[-150,183],[-108,-8],[-53,37],[-71,-41],[-111,11]],[[79964,10501],[125,339],[2,312],[32,131],[-112,26],[15,234],[-48,383],[-127,279],[-31,156],[-29,412],[-31,1],[-57,108],[-13,203],[-51,50],[-21,147],[-40,0],[-40,151]],[[79538,13433],[80,18],[30,115],[73,4],[-18,111],[66,11],[29,213],[154,97],[-14,76],[12,182],[-20,396],[63,83],[-18,161],[64,57],[-36,149],[108,-49],[-15,90],[30,105],[64,-77],[-30,-45],[21,-172],[66,-24],[49,-79],[106,3]],[[80402,14858],[13,-151],[39,-181],[57,-187],[228,-159],[67,-4],[45,-73],[85,-13],[30,75],[-6,107],[59,97],[71,54],[77,143],[10,118],[56,132],[56,67],[124,45],[27,62],[63,38],[26,-59],[171,146],[66,-66],[87,268],[9,100],[51,217],[41,54],[82,-81],[52,153],[75,-7],[174,152],[167,-14],[72,-135],[-30,-157],[41,-101],[-72,-115],[29,-34],[-1,-109],[39,-65],[122,-109],[26,-96],[94,97],[-39,191],[68,96],[67,10],[69,59],[-52,229],[69,18],[72,-63],[55,35],[134,0],[30,-109],[81,-59],[164,130],[99,24],[45,39],[7,219],[-10,104]],[[83683,15990],[149,67],[169,-34],[7,-72],[84,-107],[105,-11],[152,184],[125,51],[144,159],[56,-46],[89,48],[57,-53],[103,-199],[6,-124],[125,18],[-7,-99],[47,-166],[-67,-47],[15,-109],[200,-210],[84,-183],[60,-73],[-107,-199],[-147,-373],[-135,-186],[-37,-7],[-81,-263],[-62,-27],[-28,-94],[33,-95],[-97,-225],[32,-80],[-44,-145],[-2,-156],[-31,-144],[18,-98],[83,-255],[59,-65],[74,15],[104,-147],[90,18],[149,-128],[-4,-94],[82,9],[-5,-124],[36,-55],[40,132],[64,-17],[54,-140],[56,5],[33,67],[76,-158],[55,-34],[64,159],[28,-77],[-46,-52],[2,-130],[25,-34],[92,107],[70,10],[37,-74],[34,-151],[-105,-43],[-53,-81],[-58,-221],[68,-200],[-68,-65],[-21,-144],[17,-31],[-17,-173],[13,-140],[40,-92],[7,-298],[32,-87],[62,-77],[-45,-49],[-94,-173],[-106,-109],[-38,102],[-65,31],[-85,-2],[-151,-90],[-12,-71],[-73,-69],[-32,-143],[58,-83],[45,-173],[-176,-281]],[[85193,8917],[-68,153],[-52,40],[14,78],[-68,69],[-78,15],[-129,110],[2,109],[43,219],[-72,222],[-57,283],[-149,-60],[-119,-2],[-17,116],[-151,-19],[-4,108],[-83,38],[-22,100],[-98,-257],[-77,137],[-49,8],[-153,153],[-51,28],[-81,-12],[-8,-93],[-83,-51],[-2,-115],[-122,-66],[-8,-120],[-157,-5],[-22,96],[84,136],[62,37],[56,442],[-39,61],[-140,420],[29,18],[-69,196],[-36,-2],[-28,-276],[-5,-160],[-106,5],[-1,-96],[-36,-140],[-14,-233],[-46,68],[-72,28],[20,-163],[-134,58],[-55,261],[23,106],[-33,212],[-85,-104],[-74,-43],[-12,-112],[2,-507],[11,-112],[-118,-96],[56,-181],[71,-94],[59,-183],[-41,-127],[4,-90],[-92,13],[-25,139],[-55,-51],[-48,24],[-64,-208],[17,-304],[-65,-201],[-177,31],[-39,-20],[-79,40],[-87,-6],[-36,103],[-84,-54],[-22,38],[-155,-242],[-44,61],[-81,-79],[-59,166],[-182,-119],[-22,86]],[[80402,14858],[-17,172],[-88,126],[34,123],[-25,135],[-169,98],[-41,173],[38,140],[-84,167],[-100,27],[-58,52],[-15,230],[-43,74],[-86,-38],[-77,305],[-30,196],[-83,173],[-77,240],[122,138],[123,51],[25,123],[45,76],[64,203],[15,161],[81,143],[302,141],[57,123],[78,309],[-52,155],[120,222],[49,168],[6,110],[-15,238],[-24,33]],[[80477,19645],[68,37],[87,-2],[14,-194],[72,-42],[43,99],[104,-131],[74,49],[32,143],[110,-43],[57,157],[122,114],[76,138],[73,-3],[150,245],[-20,313],[37,25],[-12,103],[76,48],[48,81]],[[81688,20782],[216,125],[91,10],[121,59],[37,-75],[54,74],[75,33],[142,-165],[91,183],[16,91],[95,28],[51,-62],[84,-358],[-37,-126],[-3,-139],[45,-106],[134,-232],[26,-258],[40,-72],[89,-72],[98,-297],[24,-270],[35,-214],[46,0],[135,-221],[19,-296],[37,-283],[81,-54],[-12,-135],[100,-143],[105,64],[83,-50],[48,-181],[-56,-252],[64,-134],[-76,-66],[-70,-99],[22,-245],[-4,-190],[-76,-66],[50,-221],[-7,-141],[-72,-59],[54,-177]],[[81100,3417],[-70,233],[-73,71],[-50,932],[15,423],[32,102],[92,83],[-11,413],[26,153],[34,47],[-43,84],[-126,-134],[-126,-22],[-42,-62],[-22,-105],[-205,84],[-99,100],[-16,92],[-58,-18],[-33,103],[-60,-14],[-3,77],[28,190],[59,157],[-50,123],[23,72],[-52,237],[-1,147],[65,136],[-90,107],[12,181],[24,83],[4,236]],[[80284,7728],[-30,247],[73,-3],[90,34],[44,-119],[72,25],[102,-80],[-42,-111],[34,-57],[56,320],[261,115]],[[80944,8099],[39,-51],[100,-57],[94,2],[135,-222],[-37,-67],[53,-159],[-25,-111],[-89,-98],[-5,-77],[60,-65],[-59,-88],[22,-85],[51,12],[75,106],[6,93],[51,-12],[-27,-184],[22,-184],[52,51],[60,188],[92,108],[75,-12],[119,-109],[89,-56],[101,85],[35,-249],[65,47],[66,-136],[77,-107],[102,217],[80,-96],[28,52],[204,-284],[43,-103],[53,30],[54,-51],[25,53],[269,-376],[54,-103],[95,-110],[109,-70],[33,-75],[106,-105],[47,-118],[102,-177],[79,72],[62,178],[36,-43],[-3,-97],[58,-138],[83,-32],[157,81],[-26,129],[41,36],[-60,164],[55,132],[-6,126],[-48,88],[15,109],[-59,182],[16,106],[74,158],[35,132],[136,326],[20,17]],[[84310,7072],[-24,-89],[31,-386],[39,-162],[-5,-88],[92,-3],[90,-56],[84,-5],[69,54],[63,-23],[45,137],[53,87],[56,-31],[44,-83],[7,-138],[43,-143],[-11,-61],[-84,-28],[-106,-158],[83,-62],[83,-4],[-20,-133],[-40,-69],[74,-107],[10,-62],[-146,-92],[-120,-180],[-56,22],[-23,-78],[18,-188],[-86,-58],[-61,2],[-59,-76],[-46,8],[-32,-102],[-93,-116],[-31,-6],[-77,-146],[40,-54],[25,-212],[-32,-10],[-80,-113],[-4,-101],[-179,-45],[-212,-174],[-55,157],[-59,-74],[-37,-105],[-68,-35],[-4,-115],[-45,-78],[-77,135],[-99,-64],[-65,161],[-56,76],[-88,-73],[-101,-18],[-253,162],[2,40],[-154,242],[-57,135],[-85,67],[-20,86],[-54,-84],[-47,71],[-36,178],[-44,68],[-90,8],[-174,-125],[-80,-31],[-61,58],[-47,-36],[42,-220],[-90,-65],[-14,-170],[7,-132],[44,-198],[-33,-223],[-28,-64],[55,-229],[-156,-94],[-39,-93],[-88,-60],[-165,-23],[-89,-31],[-20,141],[-72,182],[-84,52],[52,98]],[[80477,19645],[-26,10],[-372,33],[-364,458]],[[79715,20146],[33,64],[448,1598],[97,353],[-108,648],[-28,21]],[[80157,22830],[74,175],[31,137],[-1,197],[-64,154],[46,214],[131,156],[8,266],[26,90],[122,128],[7,98],[47,2],[19,116],[-24,62],[11,108],[-38,231],[46,78],[28,126],[54,78],[214,65],[70,-3],[12,-68],[350,222],[85,-119],[75,-71],[-49,-69]],[[81437,25203],[-7,-111],[106,-76],[104,31],[48,-21],[90,-182],[-2,-170],[-33,-70],[-85,-51],[-38,30],[-35,135],[-67,-15],[-29,-67],[13,-266],[57,-90],[-38,-154],[-103,-2],[-51,60],[-79,-61],[-32,-157],[13,-42],[-24,-163],[135,-178],[52,-226],[9,-110],[53,-122],[-18,-116],[-117,-144],[31,-176],[51,-190],[31,-38],[105,-28],[-34,-203],[29,-439],[53,-623],[17,-17],[-11,-232],[31,3],[26,-140]],[[85193,8917],[-93,-178],[-32,-140],[-10,-301],[48,-89],[2,-71],[-39,-79],[23,-191],[-113,-140],[-66,-51],[-120,-44],[-40,-85],[-245,-289],[-108,-69],[-90,-118]],[[80944,8099],[30,55],[16,156],[51,142],[91,107],[35,107],[-102,48],[98,114],[43,117]],[[80401,31408],[119,1114],[-37,53],[-125,72],[-61,-24],[-50,184],[-33,13],[28,242],[37,84],[125,150],[-59,52],[-88,-162],[-69,-3],[-68,133],[35,112],[-72,20],[-111,-38],[53,-182],[-121,-113],[-71,76],[-11,75],[33,196],[81,128],[-34,156],[-51,-54],[-40,193],[-113,181],[-80,339],[-22,153],[-42,-91],[-131,-26],[-142,241],[-46,287],[-276,-94],[-139,-80],[-97,239],[-6,99],[-41,133],[-55,277],[-44,132],[-116,58],[6,177],[-54,188]],[[78413,36098],[67,96],[63,2],[154,-229],[108,140],[139,87],[33,80],[-7,250],[78,-54],[-39,143],[86,183],[-13,83],[124,279],[57,43],[75,198],[134,4],[140,144],[93,27],[189,165],[9,-117],[92,-39],[118,133],[94,-56],[136,113],[-38,181],[124,233],[26,78],[118,120],[107,79],[32,201],[-60,291],[-107,200],[65,49],[9,109],[81,329],[42,97],[12,103],[-74,192],[-56,51],[-20,87],[-72,-29],[-58,112],[-125,313],[-30,135],[107,40],[27,-120],[94,-178],[68,55],[19,-143],[-51,-2],[85,-170],[4,229],[51,-40],[22,90],[101,279],[-24,57],[41,98],[178,205],[-12,101],[17,110],[-11,102],[-46,121]],[[80989,41538],[238,311],[20,-77],[64,-95],[66,-211],[53,-40],[23,78],[-25,140],[85,85],[116,202],[96,-104],[81,-41],[67,53],[-14,160],[1,239],[30,110],[86,161],[49,252],[61,92],[-19,148],[23,78],[149,108],[73,163],[11,117],[-38,26],[-23,103],[54,16],[89,79],[27,83],[45,-141],[45,66],[92,18],[34,-36],[69,-326],[32,-210],[41,-145],[44,-256],[41,-53],[21,-95],[94,-170],[64,-1],[59,110],[57,42],[48,-111],[131,-177],[17,-124],[68,-73],[90,-233],[106,-321],[-129,-98],[-69,-117],[12,-120],[-34,-130],[110,-63],[113,-175],[15,-119],[-22,-52],[0,-146],[77,-142],[-75,-55],[82,-297],[146,54],[206,112],[101,-44],[23,-165],[145,55],[42,-89],[163,-99]],[[84536,39848],[-68,-192],[63,-83],[28,-190],[107,-35],[170,-311],[70,-296],[-67,-41],[23,-114],[-140,-107],[-29,-74],[35,-131],[-115,-78],[-93,-137],[56,-115],[-17,-70],[52,-200],[15,-135],[-187,-94],[-43,-100],[21,-229],[-169,-142],[-75,-101],[-104,-13],[-176,-61],[-25,-80],[-102,-98],[25,-74],[-167,10],[-145,-152],[28,-247],[64,-243],[-51,-51],[26,-103],[9,-139],[-28,-63],[25,-127],[56,-144],[107,-91],[68,-124],[72,-242],[121,42],[74,-107],[2,-161],[-20,-60],[-4,-294],[-79,-242],[-63,-25],[-47,-142],[-39,-40],[-71,2],[-45,-92],[-78,36],[-91,-97],[-51,-100],[-149,14],[-76,-135],[11,-57],[-28,-192],[30,-92],[-10,-123],[-116,-127],[-68,69],[-110,-16],[-113,188],[-143,-131],[15,-112],[-40,-39],[-127,-53],[-137,122],[-157,-134],[62,-216],[-100,-87],[36,-133],[-26,-159],[-66,-82],[-37,-114],[40,-361],[59,-214],[36,-263],[-60,-2],[-66,-135],[-16,-176],[23,-114],[-105,-29],[-80,16],[-15,-119],[21,-55],[-32,-112],[38,-71],[-35,-136],[-46,-81],[5,-256],[-39,-162],[94,-118],[-26,-36],[-280,-229],[-141,-182]],[[81490,29107],[-123,0],[-58,168],[-71,101],[-181,1],[-10,31],[-123,87],[-99,103],[-50,227],[50,34],[-30,156],[0,210],[120,41],[-16,74],[-135,102],[-41,83],[16,136],[-21,159],[86,129],[131,53],[-54,49],[-60,242],[-136,-2],[-78,-51],[-49,115],[-157,53]],[[78413,36098],[-48,-96],[-111,51],[-147,93],[-70,-10],[-68,195]],[[77969,36331],[63,45],[-34,79],[172,242],[-73,104],[-27,111],[-114,-130],[-61,77],[56,44],[27,92],[-139,-5],[-85,-61],[-60,121],[68,57],[-73,173],[-46,-48],[-49,134],[-90,-23],[-64,-49],[-53,108],[-144,197],[18,43],[-91,209],[-61,32],[-135,134],[-93,140],[44,156],[-4,210],[-89,273],[-119,154],[-40,101],[-60,287],[-24,236],[-228,397],[-75,-145],[-24,-113],[-57,132],[-194,9],[-29,64],[-63,-163],[-61,-92],[-63,-26],[-66,31],[-92,133],[-21,186],[98,288]],[[75714,40275],[16,135],[-15,239],[43,129],[70,30],[137,-76],[135,12],[27,115],[45,60],[34,105],[99,23],[151,246],[-5,153],[58,79],[151,24],[78,-60],[44,-103],[52,-7],[51,50],[24,120],[45,75],[95,60],[93,99],[63,114],[8,87],[-41,216],[92,87]],[[77264,42287],[65,-75],[25,-94],[-9,-135],[14,-109],[32,-33],[77,31],[84,134],[186,66],[87,118],[29,193],[69,33],[85,-66],[51,-71],[100,5],[22,224],[32,187],[51,40],[103,-15],[88,-91],[92,-38],[70,95],[31,404],[68,87],[97,-18],[22,-37],[2,-326],[41,-23],[58,49],[41,170],[-53,296],[30,123],[-12,106],[58,56],[29,-144],[50,-95],[65,-28],[76,48],[23,60],[13,155],[59,151],[66,-41],[77,-206],[72,67],[-9,58]],[[79521,43598],[102,35],[34,-111],[181,-176],[156,8],[35,-36],[41,-124],[-30,-99],[5,-117],[50,-63],[58,-245],[39,-83],[63,-26],[86,-251],[54,52],[4,-134],[52,-168],[31,23],[54,-170],[87,31],[3,-140],[87,68],[68,2],[23,-105],[-42,-68],[32,-179],[64,-62],[131,78]],[[80157,22830],[-112,224],[21,156],[-37,89],[-92,-73],[-21,52],[-111,-9],[-70,-179],[-3,175],[-80,108],[-167,46],[-100,-8],[-22,48],[73,90],[-40,201],[-133,-67],[-61,22],[-94,-87],[-133,-17],[-58,34],[-124,-37],[-43,79],[-44,-71],[-132,13],[-62,61],[-67,16],[-60,-50],[-94,-19],[-33,189],[35,162],[-37,41],[-123,-72],[-62,-14],[-57,-56],[-62,-132],[-40,-216],[-26,-54],[-82,56],[-64,-6],[15,98],[78,132],[12,164],[196,14],[113,46],[123,106],[-41,134],[-65,115],[6,132],[-25,135],[200,-48],[44,148],[-61,89],[41,382],[-2,144],[-30,98],[30,128],[-91,-41],[-29,116],[2,113],[33,58],[37,159],[59,111],[-53,132],[-31,160],[38,256],[-7,171],[66,73],[21,184],[41,94],[-98,114],[129,158],[109,72],[52,-55],[102,110],[-35,239],[91,202],[-3,176],[49,187],[56,-4],[13,143]],[[78925,28470],[56,71],[82,231],[84,76],[25,141],[74,11],[162,201],[164,220],[52,51],[125,218],[29,349],[148,-37],[-19,148],[28,120],[-16,85],[65,142],[45,40],[-87,132],[61,69],[-29,69],[46,53],[-20,78],[48,229],[119,102],[126,62],[76,-2],[32,79]],[[81490,29107],[-57,-115],[17,-105],[-187,-148],[14,-143],[-75,-78],[-42,-141],[-17,-153],[67,-45],[47,-88],[84,8],[105,-68],[38,-124],[107,-80],[75,4],[85,-131],[74,-10],[97,-76],[87,-18],[25,-50],[88,-35],[62,-156],[146,-54],[-2,-126],[24,-71],[118,-136],[15,-118],[-26,-125],[-96,105],[-38,-94],[17,-57],[152,-131],[-31,-91],[-110,29],[-45,-69],[-76,-280],[-24,23],[-56,293],[-58,54],[-71,-194],[-58,-35],[-59,11],[-110,232],[-51,35],[-53,-37],[-49,-147],[-25,-161],[83,-86],[35,-166],[-62,-175],[15,-104],[154,-293],[-41,-61],[-56,-2],[-64,49],[-108,-151],[-137,-19]],[[79521,43598],[-138,241],[-17,49],[-24,397],[105,21],[73,87],[-21,185],[27,211],[-23,199],[53,92],[-32,116],[-68,9],[-96,-105],[-45,-16],[-36,85],[-1,160],[-113,162],[-18,134],[75,94],[52,-20],[54,-122],[28,-202],[57,-2],[33,69],[25,175],[-57,575],[-58,108],[-126,-56],[-87,-155],[-61,14],[-18,223],[-30,37],[-77,-29],[-67,-185],[16,-131],[72,-89],[-29,-92],[-155,280],[54,166],[111,161],[22,94],[-54,210],[18,76],[88,14],[8,90],[-105,278],[-38,42],[30,133],[77,114],[38,155],[69,102],[200,20],[-70,234],[89,-2],[62,73],[96,64],[115,36],[122,177],[-8,104],[94,163],[158,443],[22,160],[80,267],[97,91],[182,0],[67,31],[85,161],[78,-223],[-18,-252],[23,-178],[20,-446],[104,45],[113,124],[75,12],[167,122],[185,82],[87,58],[-1,187],[43,103],[3,122],[-66,123],[-82,86],[-123,36],[-75,57],[-53,78],[3,87],[-45,88],[44,213],[-2,164],[-38,81],[-27,153],[20,200],[-145,158],[-69,30],[-84,103],[-113,51],[-66,76],[48,155],[-96,307]],[[80413,51776],[124,133],[105,45],[185,16],[130,-18],[120,99],[77,111],[78,-9],[127,-66],[146,-168],[344,-180],[155,-53],[82,-54],[42,-100],[88,-131],[26,-7],[38,-198],[129,-201],[71,-49],[156,49],[185,8]],[[82821,51003],[-5,-134],[147,-56],[-6,-249],[-56,34],[-162,47],[-77,-17],[-13,-328],[228,-127],[-14,-142],[-101,42],[-52,118],[-98,-135],[35,-108],[87,-183],[149,-139],[54,-70],[68,-219],[108,-87],[73,-106],[-61,-50],[4,-116],[36,-38],[60,-171],[96,-206],[93,-303],[103,-251],[46,-393],[39,-53],[123,-247],[44,88],[65,-142],[36,-145],[78,-169],[47,-180],[21,-174],[-35,-169],[22,-151],[36,-71],[-102,-56],[39,-148],[-140,-225],[35,-116],[-110,-208],[9,-60],[151,161],[54,-35],[45,85],[43,17],[73,-45],[61,-185],[34,84],[-29,130],[38,42],[71,-1],[65,-131],[66,-301],[45,-69],[110,-39],[-11,66],[97,-10],[108,-52],[14,-104],[63,-266],[125,-362],[57,-69],[11,-130],[67,-159],[-45,-40],[42,-100],[85,-37],[51,-112],[98,-129],[9,-144],[55,36],[96,-215],[91,136]],[[85610,43412],[12,-83],[-12,-177],[8,-196],[-26,-190],[7,-134],[-79,-142],[-75,-255],[-19,-118],[-55,-205],[-4,-89],[28,-264],[9,-255],[-6,-183],[-52,-129],[-73,-81],[-114,-14],[-168,-100],[-145,-120],[2,-91],[-66,-110],[-135,-89],[-62,-167],[-47,-200],[-2,-172]],[[88902,52732],[-69,50],[-82,-313],[-218,-296],[-19,-98],[-113,162],[-104,-51],[-226,-142],[-68,132],[8,74],[-102,82],[-113,-47],[-90,82],[-74,36],[-6,144],[157,149],[77,123],[52,46],[81,126],[-33,67],[-7,135],[-27,87],[-83,164],[-10,74],[-144,407],[-2,126],[81,104],[42,-11],[201,226],[-54,209],[-302,-180],[-75,-35],[-388,-247],[-154,-281],[-509,-459],[-22,64],[-78,93],[-151,53],[-69,-5],[-164,-112],[22,-71],[95,26],[6,-204],[-67,-75],[-63,-149],[7,-162],[-43,-84],[-64,-17],[-119,-137],[-107,36],[-90,-14],[-72,-87],[-235,-149],[-79,-89],[-122,64],[-47,-4],[-214,-184],[-118,1],[-3,178],[-16,87],[-75,-94],[-85,-19],[-123,49],[-129,-60],[-100,-3],[7,-112],[-186,-15],[-53,18],[-60,-41],[-25,-166],[-31,-46],[-174,-136],[17,-67],[-29,-166],[-54,6],[-70,-61],[-62,-123],[-190,-197],[-44,120],[-127,-198],[-36,6],[-157,-121],[-109,-7]],[[80413,51776],[170,501],[293,985],[-109,596],[-34,147]],[[78925,28470],[-21,32],[-372,-257],[-93,-127],[-122,-38],[-229,-156],[-144,-156],[-69,-47],[-92,-137],[-252,-248],[-25,-69],[-122,-75],[-151,-173],[-127,-95],[-68,-14],[-145,-165],[-6,-71],[-50,-107],[12,-52],[-73,-123],[-56,-50],[-77,-145],[-88,47],[-42,-65],[-84,136],[-80,-4],[-49,-65],[-116,-87],[-58,140],[-65,81],[-105,-89],[-172,-181],[-132,64],[-103,21],[-119,145],[-74,-7]],[[75356,26333],[-96,324],[-7,167],[82,28],[-4,213],[-116,92],[-43,-27],[-30,116],[-44,-23],[-78,193],[-94,175],[-70,-58],[-101,274],[-79,108],[-1,234],[-61,125],[-12,90],[-97,72],[-107,220]],[[74398,28656],[57,11],[139,327],[98,206],[22,91],[164,356],[97,169],[24,79],[20,244],[179,226],[120,278],[-86,71],[-49,138],[9,155],[46,103],[-22,161],[94,239],[82,151],[39,-17],[201,113],[284,130],[9,223],[92,105],[-98,208],[-116,183],[-79,229],[48,111],[144,179]],[[75916,33125],[140,-91],[97,3],[128,45],[59,-134],[-79,-87],[15,-63],[-58,-74],[56,-373],[73,109],[74,42],[-15,58],[51,133],[47,-100],[32,35],[131,-9],[35,231],[49,163],[-15,91],[75,239],[64,67],[25,184],[45,103],[17,127],[-10,247],[-23,94],[93,168],[-58,51],[-4,169],[72,93],[43,-27],[59,107],[41,-2],[63,126],[33,110],[138,148],[27,121],[-56,158],[50,59],[33,-107],[180,245],[40,104],[-75,249],[-5,54],[158,181],[208,159]],[[89250,48401],[-72,-26],[-118,-78],[-126,-158],[-110,-58],[-143,-110],[-132,-60],[-246,-41],[-558,-21],[-80,-153],[-91,12],[-20,-111],[2,-279],[-14,-238],[-56,-185],[50,-27],[19,-199],[81,-205],[-51,-116],[-165,-117],[-22,-109],[71,-48],[-28,-146],[31,-365],[-79,-262],[31,-302],[47,-228],[-42,-21],[-163,-6],[-1,-56],[-106,-69],[-188,0],[-202,-154],[-185,-57],[-108,-129],[-124,-87],[-118,-116],[-84,27],[-88,-90],[-41,-103],[-172,-138],[-87,-95],[-50,-137],[-102,-128]],[[75916,33125],[-23,40],[-110,56],[-73,-55],[-209,-49],[-50,18],[-28,106],[-52,51],[17,412],[44,96],[-43,83],[-119,433],[-80,140],[-88,194],[-177,205],[-270,297],[-104,189],[-129,127],[-152,178],[11,58],[-45,79],[-7,367],[-45,128],[-12,146],[73,160],[38,242],[38,96],[79,121],[-171,85],[-61,59],[-75,14],[-212,-59],[-238,64],[-102,65],[-119,6]],[[73422,37277],[-168,-31],[-41,-73],[-62,-33],[-79,8],[-92,-27],[-151,151],[-237,387],[-92,3],[-15,141],[47,62],[1,106],[-45,70],[-95,235],[-55,210],[-67,67],[-89,139],[-38,99],[88,157]],[[72232,38948],[237,137],[144,17],[97,50],[57,73],[29,121],[67,112],[50,44],[69,133],[90,102],[155,247],[78,241],[-2,67],[107,132],[47,105],[119,99],[54,17],[213,-53],[79,68],[70,-67],[102,22],[61,92],[153,146],[-6,123],[71,-46],[48,7],[86,-54],[110,56],[64,-39],[143,68],[52,-28],[236,-190],[43,-205],[41,-95],[2,-74],[92,-6],[95,-95],[100,63],[37,-75],[85,44],[107,-32]],[[78196,61757],[-73,-160],[-132,-64],[3,-108],[48,-85],[-131,-137],[-331,-464],[-480,-503],[-109,-57],[27,-61],[75,-333],[6,-160],[22,-90],[-24,-80]],[[77097,59455],[-88,180],[-10,-163],[-55,-75],[-19,-112],[-39,-67],[-16,-158],[-56,13],[-55,-111],[-102,48],[-75,-39],[-50,136],[-57,-120],[-39,-19],[-9,-211],[30,-34],[-45,-179],[-380,569],[-29,-129],[-45,-107],[-13,-290],[-93,-190],[-31,-16],[278,-393],[-32,-77],[-69,17],[-74,-151],[-1,-54],[-116,-164],[18,-103],[-60,-250],[-135,114],[-45,-39],[-159,55],[-76,-11],[-113,-118],[-92,-223],[28,-92],[-84,-100],[-98,-77],[-87,-12],[-24,-70],[-57,85],[-120,84],[-165,30],[-86,154],[-55,-14],[-22,125],[-54,87],[41,307],[-66,40],[24,167],[-122,127],[48,116],[63,260],[-73,-24],[-81,152],[-66,70],[-45,-8],[-56,-112],[-68,127],[-71,-31],[-83,218],[-60,15],[-89,-141],[47,-61],[-33,-147],[-126,-129],[-52,-156],[130,-395],[-28,-62],[-177,-219],[-102,-26],[-168,-169],[-133,-88],[-72,-87]],[[72903,56928],[-165,27],[-205,111],[-87,-52],[-134,250],[-136,-98],[-29,24],[-49,-147],[-84,11],[-56,140],[-47,45],[46,135],[72,85],[69,140],[56,19],[-139,313],[-47,79],[-39,-73],[-8,-132],[-176,-61],[-9,-63],[-105,-17],[-104,18],[4,146],[-83,60],[-43,76],[-52,-119]],[[71353,57845],[-64,-114],[-76,-87],[-55,9],[-18,76],[-92,32],[-35,56],[-81,26],[-63,63],[-36,-11],[-82,72],[-92,-48],[-73,-81],[-103,-315],[14,-68],[-109,-153],[-69,-51],[-26,-184],[-38,-45],[-41,210],[-112,165],[-16,88],[21,96],[7,209],[231,367],[122,87],[94,32],[158,95],[72,13],[140,69],[93,89],[59,22],[-11,118],[127,56],[-13,52],[199,159],[-53,17],[121,149],[92,69],[66,-4],[-34,323],[43,61],[-82,120],[-82,9],[-119,88],[-52,103],[8,73],[-29,157],[-60,97],[-5,123],[128,186],[10,56],[91,70],[52,180],[131,235],[9,-62],[93,124],[21,220],[78,100],[-85,51],[-69,74],[83,110],[-33,100],[61,88],[-63,96],[-64,159],[-41,-34],[-70,192]],[[77097,59455],[77,42],[78,-71],[119,12],[153,105],[55,60],[49,-81],[70,-43],[136,-122],[85,-19],[65,-190],[149,-51],[117,34],[103,58],[36,-33],[107,16],[206,96],[124,86],[51,68],[-103,-1586],[-476,-328],[-143,-247],[-67,-135],[-142,-428],[-98,-249],[-56,-589],[-102,-79],[-44,-226],[71,-464],[-98,-139],[37,-182],[-93,-87],[-118,-228],[-23,-159],[-75,-139],[-40,-177],[-85,-138],[-16,-113],[21,-110],[-121,0],[-43,53],[-142,46],[-98,69],[-66,109],[-37,-98],[2,-160],[-80,-176],[-35,-268],[8,-139],[38,-128]],[[76653,52927],[-120,35],[-37,38],[-141,-1],[-31,-55],[-97,40],[-239,252],[-158,219],[-78,80],[-39,338],[-58,91],[-120,-245],[-82,-63],[-90,35],[-152,165],[-130,208],[-5,41],[-83,102],[-61,-61],[-71,43],[-150,-26],[-97,-196],[-67,-92]],[[74547,53875],[-23,89],[-81,164],[-86,384],[0,75],[-119,167],[-42,159],[-32,20],[-89,-55],[-57,110],[159,214],[-166,-44],[0,64],[50,230],[39,110],[-24,60],[59,237],[-102,-21],[-95,84],[-40,99],[-125,143],[-128,101],[-93,134],[-15,-224],[-89,-342],[-47,142],[-71,86],[-69,385],[-61,51],[-29,109],[-67,93],[-38,94],[-163,135]],[[74547,53875],[82,-99],[-59,-305],[55,-87],[-19,-66],[-82,-83],[-74,-31],[-65,-111],[-52,-3],[-98,154],[-45,-82],[-78,45],[-47,-249],[-56,-181],[-122,-94],[-18,-68],[-66,-13],[-25,-128],[-81,-21],[-99,-117],[-83,51],[-104,246],[-130,-349],[-66,-138],[42,-313],[-35,-197],[-52,-107],[-99,-25],[-56,114],[-96,-162],[-12,-74],[31,-201],[-29,-415]],[[72909,50766],[-65,11],[-46,54],[-102,27],[-65,93],[-78,-14],[102,193],[90,135],[-152,290],[-165,-185],[-67,161],[-51,160],[-82,166],[-120,6],[-89,-53],[-51,128],[-62,238],[-28,61],[48,68],[-90,199],[-127,226],[-113,-179],[-48,-41],[-84,-135],[-156,-176],[-99,-81],[-134,181],[-47,0],[-12,129],[-77,161],[43,42],[1,91],[325,294],[28,91],[116,147],[46,224],[72,222],[57,102],[145,147],[53,80],[-57,97],[-76,-103],[-185,-137],[18,-39],[-150,-164],[-126,274],[-74,91],[-188,331],[19,33],[-131,357],[87,206],[101,66],[-23,112]],[[71040,55153],[104,53],[39,103],[111,125],[29,122],[39,60],[131,40],[26,85],[62,25],[35,190],[-17,298],[-47,181],[-122,70],[32,97],[85,-10],[7,83],[-52,171],[-49,293],[24,99],[59,126],[-105,190],[-25,253],[-53,38]],[[77264,42287],[-37,173],[-44,115],[-56,86],[15,71],[-45,142],[-116,151],[-9,137],[101,264],[-78,107],[7,179],[-55,209],[-7,117],[-60,-23],[-48,232],[-67,210],[-180,-115],[-85,356],[-83,185],[23,136],[-38,9],[-210,-135],[-17,279],[3,231],[-116,-158],[-146,-161],[68,-95],[-44,-124],[-14,-102],[-74,-106],[-14,-102],[-105,-49],[-119,-147],[-78,-124],[-23,56],[-89,82],[-48,211],[18,122],[-6,122],[-65,39],[-107,23],[102,186],[-63,165],[-129,-2],[-10,80],[-115,81],[-80,-44],[-144,43],[-200,-4],[-140,-34],[-83,-147],[-81,-226],[-204,164],[-33,4],[-87,126],[-36,21],[-45,152],[-128,188],[-87,153],[21,170],[-83,91],[-108,37],[-81,84]],[[73402,46178],[40,58],[116,53],[38,89],[-134,285]],[[73462,46663],[120,24],[61,86],[36,161],[38,71],[64,44]],[[73781,47049],[124,59],[102,154],[76,12],[43,60],[-25,108],[59,325],[43,96],[26,148],[56,120],[153,113],[99,142],[110,64],[209,37],[157,124],[78,25],[139,-30],[112,99],[132,51],[36,-34],[150,218],[8,345],[34,72],[-60,179],[19,70],[81,-37],[32,135],[158,156],[-7,95],[31,150],[133,70],[75,83],[138,-38],[123,65],[84,110],[64,23],[148,-228],[-14,-141],[40,-83],[0,-295],[159,84],[77,125],[23,161],[57,129],[58,81],[37,-2],[73,124],[82,87],[29,212],[128,106],[59,96],[104,-68],[46,221]],[[77679,51027],[64,100],[49,139],[4,95],[56,59],[119,74],[27,-276],[39,23],[120,-77],[49,34],[-29,129],[11,139],[31,65],[74,-147],[52,66],[162,29],[158,-112],[50,-91],[90,-83],[89,-20],[223,212],[308,74],[221,-44],[320,-10],[125,149],[137,107],[185,115]],[[72909,50766],[62,-141],[-37,-112],[105,-107],[-74,-80],[225,-581],[21,-94],[65,-44],[41,-90],[70,-57],[37,-103],[-9,-362],[36,-71],[-32,-198],[57,-19],[1,-149],[20,-98],[96,-261],[52,-14],[29,-126],[-11,-130],[-34,-65],[32,-304],[-61,-112],[47,-111],[51,-48],[59,-109],[24,-131]],[[73462,46663],[-67,-42],[-130,-17],[-187,12],[-184,686],[33,70],[-158,286],[-47,-74],[-73,176],[-49,161],[-114,175],[-59,47],[-89,-30],[-97,-191],[-161,-73],[-210,-215],[18,-74],[-143,-197],[-121,-118],[-18,-114],[-115,6],[-160,71],[80,142],[71,433],[29,81],[-71,121],[33,181],[-24,33],[-10,156],[47,99],[51,22],[-18,157],[-156,122],[-30,66],[-47,269],[-4,78],[-59,48],[-43,-46],[-37,60],[-13,158],[-103,-31],[-14,108],[-75,10],[-76,-41],[-13,150],[-100,-78],[-60,-111],[-153,-223],[-53,-37],[-65,-117],[-150,-115],[-99,-20],[-36,-97],[-84,-19],[-25,-97],[-16,-198],[-26,-75],[11,-323],[-55,-86],[-56,37],[-115,2],[-68,67],[-57,-173],[-19,-150],[-77,-68],[-40,-91],[4,-83],[-61,-118],[-102,-25],[-75,-96],[60,-172],[164,-15],[-41,-213],[-233,-85],[-195,-196],[-20,50],[-140,51],[-75,7],[-210,-100],[-124,32],[-73,62]],[[68385,46711],[-35,31],[-120,-36],[-80,31],[-144,287],[-15,352],[-174,162],[1,59],[-78,246],[-34,56],[-76,265],[-83,122],[-79,178],[-68,86],[-80,166],[105,182],[64,76],[22,190],[-66,156],[-130,-195],[-220,196],[116,267],[39,34],[59,136],[101,138],[-117,116],[-136,184],[-99,198],[-44,261],[-116,12],[-188,-47],[-81,80],[-98,45],[-165,17],[-50,61],[51,112],[121,154],[7,84],[50,13],[100,98]],[[66645,51284],[100,71],[177,222],[29,-89],[141,-348],[648,381],[-3,98],[109,125],[-34,162],[-78,220],[-155,185],[83,114]],[[67662,52425],[38,-30],[123,62],[88,1],[210,105],[150,166],[112,237],[70,110],[43,-179],[192,-375],[67,-154],[96,168],[167,135],[110,70],[111,36],[61,49],[63,103],[172,212],[87,136],[177,177],[89,153],[160,444],[63,51],[41,141],[45,-9],[20,84],[69,-6],[36,95],[48,30],[27,86],[60,88],[116,300],[45,55],[60,-7],[37,85],[109,68],[123,-34],[5,74],[88,1]],[[73402,46178],[-93,-1],[-101,-59],[-57,6],[-124,-152],[5,-57],[87,-143],[47,-156],[37,-272],[37,-94],[-46,-171],[0,-77],[57,-427],[135,-146],[37,-190],[-34,-146],[-88,-140],[-86,-181],[-119,-74],[-91,20],[-77,102],[-68,-61],[-68,-230],[1,-89],[-46,-34],[-125,122],[-149,16],[-138,101],[-61,6],[-69,56],[-205,-198],[-35,-48],[-100,-378],[-42,-80],[-37,-251],[-66,-235],[-26,-154],[-82,-178],[-11,-76],[38,-475],[30,-142],[-25,-154],[-36,-17],[-152,-280]],[[71456,41041],[-63,89],[-58,226],[-39,33],[-108,297],[-63,116],[-118,88],[-94,137],[-110,84],[-47,77],[-105,72],[-70,-16],[-60,-79],[-89,-13],[-78,-90],[-104,-73],[-110,-13],[-142,82],[-141,28],[-48,-31],[-18,-87],[-90,-148],[-92,12],[-62,-56],[29,-139],[4,-122],[-75,-18],[-114,42]],[[69391,41539],[-15,204],[-47,90],[-62,56],[-29,-156],[-83,11],[-117,138],[-68,-14],[-38,126],[-119,197],[-49,-37],[-66,120],[-65,178],[58,91],[-55,60],[-57,2],[-92,110],[-172,98],[-419,350]],[[67896,43163],[109,181],[58,42],[25,110],[-34,28],[3,136],[30,141],[-50,138],[-103,170],[-60,-103],[-113,222],[-79,252],[-55,68],[-139,-100],[-41,27],[-48,115],[-69,226],[-23,155],[671,604],[83,-199],[81,75],[40,103],[8,215],[219,177],[48,3],[20,135],[-65,105],[-10,103],[45,61],[-9,69],[-60,97],[-71,-27],[-88,45],[122,161],[44,13]],[[76653,52927],[129,-79],[22,-69],[-21,-176],[-45,-123],[162,-116],[95,-117],[141,-245],[62,-273],[127,-160],[181,-121],[-48,-146],[65,-15],[-63,-200],[219,-60]],[[72232,38948],[-44,3],[-76,-78],[-51,297],[-26,70],[-83,330],[-70,196],[-1,347],[-98,80],[-38,153],[-101,83],[-114,184],[-36,145],[1,118],[-39,165]],[[66744,19383],[-84,83],[-72,122],[-101,-132],[-62,-14],[-148,37],[-48,109],[-49,47],[-116,25],[-351,-8]],[[65713,19652],[-42,138],[-4,143],[-58,58],[-33,113],[26,218],[65,123],[11,72],[60,112],[72,78],[19,120],[-26,232],[-67,-101],[-68,-151],[-113,-153],[-117,-40],[-43,33],[-141,423],[35,197],[-34,272],[-40,198],[-76,228],[-10,89],[77,103],[-55,94],[-114,-75],[-71,88],[99,54],[39,111],[-9,60],[43,153],[-50,212],[-95,-164],[-35,98],[64,74],[18,146],[54,46],[27,120]],[[65121,23174],[1,180],[-21,146],[12,50],[95,-34],[48,34],[79,198],[55,-67],[45,155],[67,97],[83,-25],[14,292],[73,-31],[40,150],[107,58],[-53,52],[-91,306],[-6,348],[-17,117],[81,90],[77,125],[106,111],[-8,78],[29,153],[-31,132],[-4,162],[-20,116],[31,415],[51,52],[-38,70],[45,51],[-45,149],[54,72],[81,38],[-47,79],[-7,240],[111,13],[46,60],[-3,85],[-43,168],[-123,258],[-199,177],[-197,252],[-65,63],[-25,99],[-138,111],[6,127],[-60,9],[2,-122],[-20,-150],[-126,-237],[-108,197],[106,12],[-10,235],[-30,247],[110,40],[38,-102],[58,61],[-20,85],[-53,58],[3,180],[48,129],[19,164],[58,102],[35,133],[182,116],[-16,263],[13,84],[128,193],[40,-6],[40,230]],[[65814,30667],[166,26],[314,-97],[385,-195],[106,-67],[42,-84],[33,22],[72,-77],[-18,-165],[16,-117],[111,-166],[14,-66],[104,-55],[179,-241],[84,-81],[88,-40],[84,-111],[89,18],[104,-45],[189,-111],[135,-21],[90,90],[47,-4],[316,208],[123,-10],[51,58],[141,40]],[[68879,29376],[11,-111],[-203,-296],[16,-70],[54,-52],[20,-136],[-4,-136],[21,-155],[138,-303],[17,-340],[60,-222],[73,-57],[263,-22],[129,26],[17,-60],[-57,-164]],[[69434,27278],[-88,-112],[36,-157],[27,-31],[108,-310],[124,-147],[33,-110],[8,-199],[88,-96],[66,-35],[46,-94],[49,-176],[91,-143],[72,-23],[230,-292],[37,-169],[42,31],[42,-155],[-18,-57],[27,-106],[-81,-160],[11,-155],[32,-27],[-51,-316],[60,-88],[100,-50],[84,-70],[92,-118],[10,-189],[-60,-30],[-18,-317],[67,24],[88,-110],[-23,-58]],[[70765,23233],[-69,-193],[-46,-88],[-40,42],[-41,-259],[-81,-188],[-106,-88],[15,195],[-87,268],[-128,215],[-112,-63],[-82,187],[-102,163],[-51,15],[-55,-47],[-115,219],[-66,-79],[-50,-2],[-72,-149],[-22,-102],[-37,-32],[-38,107],[-357,-337],[-63,-237],[-3,-73],[-60,-102],[-39,-14],[-14,-105],[-89,-31],[-112,-3],[-33,-47],[-155,-94],[-53,-49],[6,-105],[-28,-114],[-44,-25],[-39,-86],[-62,72],[-92,13],[-27,48],[-31,194],[-74,-12],[-119,-55],[-49,45],[-163,-36],[-114,-112],[-105,32],[-85,-38],[-55,-95],[-65,-50],[-10,-66],[-55,-75],[-127,-10],[-110,-230],[-64,-75],[-157,-78],[-109,144],[-32,141],[-40,-2],[7,-144],[87,-195],[38,-358],[38,-131],[54,62],[20,176],[34,69],[65,-32],[26,-86],[-58,-272],[7,-112],[115,-336],[40,-161],[24,-177],[-49,-166],[-171,-65],[-59,-74],[-38,-150],[12,-152]],[[65713,19652],[-16,-96],[23,-93],[17,-227],[-44,-108],[-131,-124],[-167,-78],[-36,-108],[-88,-138],[-75,-72],[-134,-28],[-211,-131],[17,-32],[-10,-194],[-33,-90],[-5,-106],[48,-122],[-72,-219],[-6,-241],[39,-113],[58,-91],[12,-306],[51,-86],[-39,-272],[30,-252],[-61,92],[-132,78],[-55,-73],[-58,-168],[57,-243],[47,-67],[14,-121],[62,-166]],[[64815,15657],[-64,-105],[-11,-146],[-96,-248],[-87,-151],[-105,270],[-88,16],[-78,-52],[-82,45],[-58,-1],[-101,-81],[1,269],[-44,84],[-39,-14],[12,301],[47,372],[-60,155],[-38,225],[-70,235],[-11,227],[-75,155],[-26,114],[-63,121],[-53,207],[-85,207],[-108,208],[-33,115],[-157,361],[-47,83],[-38,180],[-186,186],[-61,-196],[-110,-52],[-61,9],[-126,-50],[-87,-74],[-64,60],[-182,36],[-12,235],[-29,118],[-63,-10],[-168,87],[-118,122],[-147,12],[-145,106],[-46,3],[-79,98],[-132,131],[-131,84],[-55,81],[-104,54],[-168,147],[-41,70],[-91,51],[-58,194],[18,182],[-81,125],[-46,143],[-38,178],[-114,79],[36,119],[-19,118],[13,99],[-116,92],[-54,-43],[-212,-44],[-99,72],[-58,-27],[-52,60],[-98,10],[-25,32],[-115,-9]],[[59634,21497],[1,125],[42,47],[0,258],[-29,209],[54,134],[126,136],[81,51],[73,89],[-36,115],[-77,23],[0,109],[155,69],[152,-36],[-12,151],[82,128],[-84,15],[-86,122],[-24,163],[-6,362],[59,315],[-120,329]],[[59985,24411],[63,8],[48,124],[56,80],[38,105],[27,387],[176,18],[13,120],[112,145],[131,66],[120,-24],[103,48],[92,198],[56,74],[76,51],[138,202],[17,369],[-103,-11],[-56,164],[59,22],[153,-2],[156,-31],[101,13],[53,121],[101,57],[127,214]],[[61842,26929],[68,-160],[172,215],[8,141],[53,29],[32,-45],[68,92],[34,92],[46,-6],[72,-251],[-7,-142],[-82,-216],[156,-39],[54,27],[34,-96],[147,-132],[68,-29],[24,-106],[61,-101],[93,-31],[74,-62],[42,-312],[-85,-4],[56,-146],[66,-85],[-11,-106],[80,-115],[50,-224],[-49,-104],[68,-67],[88,-31],[235,-36],[91,21],[21,-74],[59,65],[72,21],[115,-16],[77,-88],[158,-99],[35,-191],[-8,-76],[121,-43],[-14,104],[88,-5],[131,38],[-101,197],[2,114],[-30,38],[53,140],[27,-34],[-17,-217],[126,-200],[-11,-106],[-63,-80],[134,-96],[-18,-78],[21,-117],[79,-6],[45,-150],[-46,-52],[22,-185],[82,-207],[74,11],[140,-56],[99,-278]],[[60247,36648],[-109,229],[-80,253],[-51,83],[-72,64],[-179,262]],[[59756,37539],[73,6],[77,123],[126,-46],[-17,-83],[53,-67],[113,-51],[116,277],[53,100],[-25,267],[16,160],[25,83],[11,257],[63,119],[100,-48],[47,-134],[88,-133],[23,-67],[122,-122]],[[60820,38180],[84,-119],[114,-84],[52,-154],[111,-76],[86,-96],[194,-53],[81,-185],[98,-44],[115,-21],[87,13],[86,-28],[137,-210],[-4,-120],[161,-53],[87,-3],[61,-56],[98,-11],[76,-93],[102,-39],[129,-12],[85,-108],[74,26],[11,69],[-22,163],[40,142],[79,100],[119,72],[57,11],[145,-65],[93,71],[146,27],[36,61],[30,129],[69,57],[59,-45],[66,46],[179,231],[26,124],[-28,193],[-14,207],[63,98],[50,-3],[110,-94],[129,-17]],[[64377,38231],[-24,-93],[115,-93],[91,-107],[56,-175],[19,-179],[143,-68],[-37,-148],[-3,-111],[29,-168],[-85,-113],[-53,-35],[-178,82],[-43,-51],[-61,-186],[-147,-86],[-94,7],[49,-289],[-49,-124],[-72,-11],[-46,-95],[23,-95],[105,-133],[-23,-116],[26,-57],[73,-54],[92,-203],[14,-157],[-153,-56],[-5,-152],[-25,-86],[-28,-242],[55,-170],[99,107],[60,14]],[[64300,34788],[9,-109],[85,-151],[-123,-227],[-21,-226],[-70,-84],[-51,143],[-87,-65],[-59,139],[-58,59],[-74,-43],[-130,-126],[-33,-56],[-63,-21],[-84,-74],[89,-135],[-9,-112],[27,-81],[-13,-110],[-48,-67],[-134,-86],[-55,21],[-60,-107],[-20,-138],[20,-128],[-3,-165],[-28,-55]],[[63307,32784],[-142,-38],[-79,27],[-94,175],[-160,203],[-99,8],[-57,140],[-143,142],[-35,76],[-86,106],[-48,154],[-28,284],[53,158],[-91,37],[-58,57],[-35,87],[-212,-74],[-52,206],[-39,32],[-92,-122],[-48,-138],[4,-79],[-222,-113],[-40,13],[-127,-145],[-131,-43],[-83,28],[-114,-42],[-16,60],[-75,22],[-45,78],[-83,19],[-78,88],[-38,108],[18,291],[-19,163],[78,150],[62,46],[14,370],[-81,-19],[-198,335],[-78,223],[-125,87],[-34,79],[108,351],[-33,158],[-89,40],[-90,76]],[[70765,23233],[42,-188],[63,-103],[92,-276],[130,-131],[34,-142],[100,-158],[51,13],[164,-59],[-20,-73],[3,-129],[112,-84],[26,-96],[-56,-17],[-27,-85],[-30,-242],[25,-65],[89,0],[26,-133],[31,-58],[9,-244],[-16,-94],[-49,-63],[33,-134],[2,-91],[-120,-312],[-19,-240],[17,-17]],[[71477,20012],[52,-112],[7,-124],[-457,-67],[-390,-74],[16,157],[-165,34],[-112,-111],[-111,-37],[-118,41],[-66,-25],[-107,40],[-106,183]],[[69920,19917],[-275,141],[-200,-147],[-246,-15],[-61,-77],[-292,189],[-32,-63],[-34,-148],[-96,-94],[-34,-288],[-66,-59],[-60,-112],[-2,-174],[-57,-163],[-121,-70],[-26,-110],[-51,-59],[-1,-83],[-47,-55],[-68,25],[-120,0],[13,284],[-11,87],[-45,42],[-71,-15],[-113,-128],[-120,27],[-58,212],[-102,66],[-88,25],[23,225],[-85,46],[-137,-87],[-113,-163],[-46,3],[-39,95],[-43,345],[-67,-34],[22,-134],[8,-227],[-17,-346],[10,-293],[-54,-65],[-64,65],[-27,88],[17,195],[-6,151],[-73,306],[-1,58]],[[79715,20146],[-123,110],[-85,-100],[-151,20],[-83,49],[2,-75],[-60,-27],[-167,-171],[-136,-80],[-47,-54],[-27,-112],[31,-131],[-63,-22],[-28,-109],[11,-177],[-101,-187],[-39,101],[-63,3],[-63,203],[-70,138],[-40,23],[-192,-78],[4,202],[-26,73],[-96,-47],[-49,47],[-88,228],[-112,32],[-58,-16],[17,-103],[-53,-53],[-43,60],[-49,-59],[-83,-210],[1,-54],[-118,-79],[-164,-62],[-138,-75],[-140,231],[-151,60],[-62,-40],[-251,64],[-121,-62],[-92,41],[31,-387],[-41,-194],[60,-188],[-67,-142],[-57,-250],[-113,-131],[-84,192],[-71,-23],[-6,-145],[31,-158],[-31,-183],[-2,-150],[-82,-53],[5,-150],[-70,-45],[-4,-199],[-28,-74],[-227,171],[-59,-20],[-123,-100],[-57,-23],[-24,-171],[-64,168],[-132,-52],[-119,68],[-195,-25],[-59,-209],[6,-150],[-45,-116],[-162,-155]],[[74560,16754],[-63,112],[-87,109],[-46,120],[-65,80],[-153,96],[-95,133],[-117,298],[-13,293],[-137,165],[-97,92],[-46,77],[-50,185],[-50,79],[-27,98],[-68,145],[-93,237],[-11,80],[-126,161],[-100,240],[-53,349],[12,170],[-214,140],[-11,-9]],[[72850,20204],[-134,-3],[-41,-36],[-77,22],[-101,-57],[-87,108],[-105,8],[-101,115],[-71,-23],[-46,89],[-1,123],[-32,154]],[[72054,20704],[108,72],[88,108],[126,96],[59,19],[126,-63],[16,85],[100,79],[204,205],[-24,82],[66,287],[73,149],[70,57],[-6,66],[111,153],[81,52],[-12,54],[78,53],[21,96],[-23,74],[64,52],[156,-48],[-26,-89],[124,1],[117,37],[86,-75],[83,-20],[34,69],[80,301],[30,71],[75,-11],[124,23],[112,-79],[73,54],[69,-80],[64,-180],[50,13],[148,-75],[-3,217],[-39,121],[114,62],[18,123],[44,70],[42,219],[59,183],[131,73],[63,60],[29,113],[-144,127],[-24,147],[9,349],[-52,167],[-66,-3],[-119,171],[-111,62],[-9,139],[21,155],[-6,112],[-40,215],[-51,163],[8,75],[184,126],[80,92],[88,169],[127,0],[48,86],[9,77],[76,178],[91,93]],[[65814,30667],[1,82],[-81,112],[-114,-29],[-59,20],[-94,120],[126,209],[203,311],[141,166],[9,256],[-69,107],[3,229],[-62,102],[-40,119],[-68,73],[5,222],[38,51],[132,65],[115,125],[-102,277],[-34,30],[79,261],[2,58],[-53,88],[-32,-41],[-99,-10],[-63,190],[-71,169],[-3,121],[-48,65],[-27,144],[-111,124],[-137,329],[-161,-128],[14,-109],[41,-107],[3,-209],[-134,101],[-43,108],[-97,-38],[-31,-55],[94,-184],[36,-128],[-244,-151],[-22,83],[-142,316],[-96,102],[4,193],[18,104],[-80,-16],[-83,23],[25,110],[60,11],[-8,123],[-49,-31],[-86,9],[-20,-151]],[[64377,38231],[42,88],[22,136],[-64,127],[10,49],[86,92],[115,22],[137,-125],[224,39],[91,52],[50,-105],[127,-93],[53,44],[239,124]],[[65509,38681],[8,-320],[17,-301],[217,45],[294,91],[111,-128],[152,-48],[97,19],[52,-216],[182,-97],[148,-232],[127,-174],[68,368]],[[66982,37688],[220,149],[-87,198],[57,132],[68,5],[204,-34],[147,9],[504,-111],[31,-26],[-33,-223],[35,-69],[89,-68],[24,-166],[-34,-220],[53,-172],[100,12],[39,-55],[-25,-130],[8,-148],[31,-34],[11,-187],[-84,-115],[28,-124],[8,-180],[-19,-154],[77,-44],[115,24],[59,61],[33,-77],[-18,-195],[216,212],[91,34],[97,66],[37,-61],[-29,-180],[9,-66],[54,-57],[70,40],[49,-16],[28,-163],[-37,-45],[-3,-96],[102,-244],[49,-64],[17,-158],[41,-28],[2,-104],[29,-65],[69,-62],[-10,-175],[35,-280],[42,-163]],[[69581,34071],[39,-73],[-15,-125],[25,-141],[104,-104],[9,-103],[-42,-54],[-29,-102],[8,-129],[85,-96],[-2,-170],[-38,-49],[-61,-223],[14,-101],[-81,-122],[-29,-193],[7,-172],[29,-126],[63,-136],[18,-184],[-3,-228],[-25,-78],[-5,-391],[-18,-167],[20,-182],[54,-220],[54,-128],[-1,-257],[-67,-151],[-44,-274],[-49,-31],[-41,-109],[-77,-84],[-67,-34],[-153,25],[-70,34],[-67,-36],[-101,22],[-146,-3]],[[72054,20704],[19,-157],[-9,-67],[37,-189],[-109,3],[-114,-160],[-171,-199],[-133,-39],[-33,115],[-64,1]],[[69434,27278],[79,56],[111,219],[131,-22],[93,-104],[167,127],[73,22],[99,-60],[91,-295],[100,-105],[23,-62],[299,-365],[85,46],[276,53],[285,326],[86,133],[64,67],[53,-2],[81,87],[53,96],[-26,55],[152,90],[100,89],[84,-10],[89,135],[96,48],[141,-32],[199,60],[85,64],[-28,96],[123,205],[64,80],[53,127],[76,-32],[69,12],[139,-106],[92,-144],[60,61],[127,0],[155,-24],[92,115],[165,87],[145,138],[194,24],[146,-37],[123,60]],[[61842,26929],[129,158],[115,62],[65,107],[116,239],[-104,33],[-156,18],[-91,61],[-52,1],[-71,187],[-94,104],[54,89],[79,256],[108,68],[183,-63],[89,109],[113,176],[31,121],[-18,134],[39,174],[97,159],[60,201],[61,35],[63,-19],[148,34],[81,62],[56,82],[8,111],[70,39],[51,94],[109,37],[93,91],[108,-29],[70,28],[221,-34],[104,49],[81,179],[-99,23],[-41,46],[-69,-16],[-44,99],[3,115],[-30,84],[-137,129],[-100,242],[-72,258],[22,441],[99,237],[4,105],[-33,476],[-18,68],[33,255],[-16,89],[-53,51]],[[73422,37277],[-17,-183],[10,-49],[-130,-10],[-171,-67],[-81,-10],[-90,-63],[-78,-120],[-111,-215],[47,-178],[-27,-112],[-7,-148],[-76,-414],[-114,-242],[-204,-177],[-99,-57],[-61,-74],[-38,-147],[-60,-95],[-127,-98],[-285,77],[-39,104],[-71,-1],[-29,75],[-165,-12],[-186,-33],[-75,23],[-276,389],[-59,-60],[-110,-250],[-55,-183],[-30,-25],[-133,-13],[-54,-109],[-1,-133],[-78,-158],[-170,-222],[-32,38],[-121,8],[-51,-44],[-151,-21],[-147,-83],[-89,-114]],[[66982,37688],[19,109],[-39,230],[11,78],[113,94],[-75,201],[18,130],[63,155],[40,-1],[205,321],[26,177],[139,178],[-30,51],[35,111],[22,161],[62,66],[82,-70],[29,14],[70,179],[50,-10],[116,50],[55,176],[-6,151],[65,117],[18,143],[59,-35],[135,142],[58,-9],[36,70],[86,61],[126,50],[138,4],[59,-20],[31,46],[11,179],[45,106],[58,-56],[50,16],[175,152],[59,68],[155,21],[40,245]],[[65509,38681],[-57,190],[-30,208],[-4,179],[17,116],[-50,34],[-80,556],[-8,229],[-17,51],[-21,376],[-48,75],[-17,169],[-78,25],[-157,500],[52,88],[12,253],[-10,272],[-218,161]],[[64795,42163],[-8,160],[98,-29],[75,115],[-6,173],[133,-8],[134,-27],[192,25],[75,-9],[99,45],[215,6],[-10,-214],[98,51],[50,-48],[99,22],[57,106],[30,-200],[202,167],[546,213],[-5,388],[274,177],[361,-62],[314,66],[78,-117]],[[60820,38180],[110,239],[138,105],[116,40],[139,212],[-17,225],[127,68],[80,111],[162,69],[43,164],[15,147],[-32,117],[-9,166],[166,33],[39,123],[49,65],[20,167],[57,54],[-34,173],[5,99],[48,109],[-67,125],[-96,84],[14,111],[115,-30],[143,-151],[64,185],[6,174],[-192,104],[-37,120],[35,156],[-35,172],[73,355],[38,96],[1,100],[-38,111],[-9,154],[64,137],[53,159],[0,304],[47,207],[33,287],[101,540]],[[62355,44166],[76,-28],[-72,-254],[65,-101],[-42,-176],[-65,-166],[-113,-345],[28,-164],[90,-119],[53,-125],[114,-349],[30,-234],[100,16],[196,92],[7,-66],[277,38],[156,39],[181,84],[125,76],[219,104],[188,50],[13,-73],[60,-53],[183,63],[46,-76],[-4,-150],[77,-12],[-3,-75],[372,24],[83,-23]],[[72850,20204],[-118,-31],[-101,-69],[-199,-414],[-19,-222],[51,-2],[55,-114],[55,-5],[-66,-225],[-120,-138],[-93,-72],[-79,-97],[97,-186],[208,25],[-45,-134],[97,-7],[770,-1057],[-257,-842],[-32,-295],[421,-166],[-19,-76],[63,-121],[111,-61],[-26,-114],[41,-16],[37,-265],[43,69],[90,-98],[22,-142],[113,-108],[43,-137],[-15,-190],[35,-282],[-61,13],[-12,-80],[-50,7],[-39,123],[-31,16],[-85,-113],[-13,107],[-66,-81],[-18,-428],[-66,-89],[-130,-16],[-14,-87],[-43,-55],[46,-116],[-22,-137],[-76,37],[-171,-19],[-68,-54],[-39,-118],[-33,-306],[4,-115],[54,-40],[35,-116],[-38,-154],[31,-219],[-37,-204],[34,-98],[8,-186],[-51,-65],[-81,-15],[-154,10],[-26,-284],[-101,-1],[-11,-155],[-499,3]],[[72190,11577],[-47,-114],[-90,-61],[-137,-60],[-181,-208],[-164,-135],[-48,-13],[-20,196],[6,107],[-25,82],[-59,65],[-70,-12],[-55,112],[-64,58],[-144,37],[-65,53],[-58,-24],[-86,72],[-17,53],[30,218],[-43,116],[-36,-30],[-19,-141],[-88,-191],[20,-180],[-23,-89],[-148,-77],[-164,-109],[-136,-13],[-163,6],[-132,236],[-76,243],[-30,277],[118,98],[43,243],[35,124],[-37,228],[66,66],[23,93],[-12,136],[70,123],[96,30],[-12,119],[39,124],[71,48],[51,275],[112,154],[49,235],[48,98],[-120,101],[-29,123],[-114,133],[-43,102],[-158,202],[-34,257],[-59,54],[-57,-15],[-44,96],[-5,244],[-125,26],[-60,-99],[-75,-65],[-168,-39],[-3,133],[16,372],[-220,347],[-6,71],[49,144],[88,127],[48,105],[25,189],[-44,71],[-82,2],[-3,80],[53,114],[14,206],[-101,169],[-183,-100],[156,716],[330,1461],[19,73],[237,272]],[[79964,10501],[-68,-148],[-129,-99],[-46,-140],[-176,-382],[-112,-162],[-51,-109],[-32,34],[10,194],[-107,99],[-37,127],[-95,-59],[-150,344],[-145,131],[-73,126],[-43,-200],[-115,-131],[-95,-46],[-21,-148],[15,-124],[72,-167],[34,-140],[-22,-68],[-125,-77],[-84,-179],[-72,39],[-144,-44]],[[78153,9172],[-109,-70],[-68,-127],[-105,30],[-168,-84],[-92,16],[-87,157],[-77,10],[-40,-34],[-111,128],[-110,-29],[-31,21],[-58,176],[-15,97],[26,96],[-17,210],[-113,95],[-33,107],[-210,-29],[-38,104],[-104,-82],[-31,-102],[-12,-254],[23,-190],[37,-44],[54,-200],[-48,-341],[-45,-29],[-138,81],[-112,12],[-110,52],[-155,11],[-156,97],[-185,188],[-46,177],[-52,51]],[[75617,9473],[20,150],[-24,148],[-77,279],[3,160],[-86,265],[13,226],[-39,140],[9,94],[-22,153],[55,204],[170,-23],[231,59],[39,47],[29,148],[-34,118],[-1,438],[38,118],[-51,217],[-54,81],[-13,137],[53,101],[-3,62],[56,177],[105,88],[27,65],[61,41],[-21,188],[-60,42],[-31,121],[-98,-66],[-45,32],[-1,154],[-96,236],[-90,51],[-15,72],[-58,62],[-25,92],[-61,-13],[-89,119],[-58,-10],[-67,114],[26,39]],[[75333,14399],[289,117],[101,70],[53,-5],[159,122],[154,84],[56,-21],[82,69],[51,-12],[107,108],[40,-43],[103,37],[102,101],[173,37],[54,-23],[45,81],[90,-33],[57,48],[92,-112],[44,63],[56,-54],[65,2],[-31,-106],[-12,-132],[20,-160],[-23,-160],[52,-390],[102,36],[39,-111],[64,7],[126,-64],[67,-59],[109,-28],[100,74],[53,-19],[41,-69],[414,-230],[30,49],[135,-33],[36,47],[41,-116],[99,129],[44,-45],[160,2],[76,61],[166,-115],[74,-86],[157,84],[50,-50],[43,-118]],[[72190,11577],[84,-563],[135,-370],[9,-87],[-118,-362],[-38,-441],[-64,-315],[-5,-83]],[[72193,9356],[-31,-95],[-73,-33],[-187,113],[-98,-330],[-125,-208],[-103,-121],[-33,-119],[-128,27],[-82,74],[-103,26],[-125,173],[-53,35]],[[71052,8898],[-51,46],[-53,-50],[-86,-1],[-53,42],[-96,-26],[-18,133],[-37,76],[-113,55],[-74,82],[-90,197],[-128,27],[-39,-123],[-45,-68],[-35,-192],[-9,-170],[13,-108],[-29,-104],[-68,-146],[19,-121],[-99,-80],[-119,21],[-64,65],[-127,-44],[-82,-85],[-18,-71],[-75,51],[-31,-23],[-66,-147],[-75,-103],[-40,61],[-9,321],[-26,162],[-89,148],[-36,188],[-48,105],[27,75],[-17,126],[-1,185],[50,135],[57,213],[19,145],[85,112],[36,130],[43,66],[55,160],[45,46],[-20,132],[110,97],[83,130],[55,18],[159,206],[-9,97],[-58,116],[-56,201],[-80,61],[-150,313],[-90,98],[-81,200],[-61,62],[-59,129],[-16,79],[-77,69],[-91,33],[-22,75],[-87,52],[-28,71],[-69,14],[-59,59],[-26,124],[-67,70],[-11,80],[-79,51],[-80,147],[-12,128],[-57,76],[-13,157],[-145,230],[-104,127],[-113,174],[-58,-17],[-60,-88],[-228,-61],[-31,-106],[-107,-196],[-19,-96],[-100,-132],[-122,-88],[9,272],[-56,28],[-116,10],[-106,108],[-126,-3],[-168,-137],[-128,-121],[-48,57],[-69,175],[-62,79],[-94,236],[-72,64],[-159,-279],[-90,-16],[-37,118],[-54,70],[-63,12],[-83,-71],[-231,26],[-110,-14],[-63,-50],[-135,-4],[-75,-29],[-59,29],[22,187],[-40,299],[38,319],[28,96],[7,153],[-11,245],[-81,99],[-23,111],[-90,150],[-157,137]],[[72193,9356],[149,133],[46,-31],[99,20],[45,114],[118,126],[93,59],[83,13],[49,61],[20,81],[138,155],[61,-46],[32,-81],[18,-147],[-8,-116],[52,-122],[114,-87],[46,3],[84,144],[211,-161],[134,-6],[105,63],[159,123],[35,-124],[12,-123],[-15,-71],[37,-123],[112,87],[85,141],[-5,67],[60,118],[184,-66],[92,72],[192,82],[197,11],[98,-81],[71,-200],[42,22],[40,-180],[58,-101],[44,-328],[-55,-143],[3,-67],[61,-11]],[[75389,8636],[-58,-36],[-89,-131],[-80,-74],[-23,-215],[38,-126],[187,-83],[89,-104],[12,-259],[-99,-38],[-25,-38],[-32,-263],[2,-148],[-25,-92],[-84,-48],[124,-218],[-122,-223],[16,-116],[-51,-135],[7,-64],[-92,-64],[-69,-93],[-97,-250],[-9,-91],[59,-205],[-11,-180],[-47,-64],[12,-83],[-54,-117],[-90,74],[-28,-65],[-113,81],[-35,-160]],[[74602,5008],[-147,-12],[-41,77],[-27,256],[-58,171],[-184,-33],[-75,-124],[25,-55],[-24,-199],[49,-70],[-55,-146],[-157,-87],[-89,67],[-34,61],[-73,43],[-40,-196],[-50,37],[-33,-79],[-76,-4],[-149,204],[-35,20]],[[73329,4939],[-249,5],[-127,39],[-168,164],[-44,344],[-86,499],[-102,423],[-14,168],[63,161],[-78,256],[-93,156],[-46,43],[-144,59],[-117,385],[-81,213],[-79,72],[-97,43],[-74,-1],[-43,73],[-74,297],[-1,49],[-104,66],[-27,63],[-80,49],[-101,29],[-9,31],[-134,42],[-74,127],[-49,12],[-45,92]],[[81100,3417],[-219,-122],[-61,31],[-38,-109],[22,-82],[-88,-119],[-70,38],[-83,-80],[-33,111],[-182,-130],[-64,4],[-126,64],[-48,75],[21,96],[-121,63],[-26,75],[-81,59],[-17,81],[-273,-59],[26,186],[-74,60],[-175,12],[-110,-53],[-35,125],[-69,112],[-35,97],[-40,-37],[-71,56],[-38,-95],[-57,-60],[-86,-30],[-84,42],[-62,-24],[-6,-69],[-114,15],[-43,-24],[17,-205],[-127,-93],[-99,-51]],[[78331,3377],[-54,43],[-14,113],[-80,-19],[-3,133],[-33,40],[-10,147],[-36,34],[-26,199],[14,252],[54,33],[17,132],[132,97],[80,142],[74,76],[106,402],[18,187],[-105,148],[-77,197],[-52,221],[41,108],[-24,79],[-79,39],[-84,0],[-126,237],[-27,216],[-30,64],[-86,-42],[-5,212],[-30,25],[-84,-37],[35,334],[33,111],[69,35],[88,130]],[[78027,7465],[-27,-130],[-42,-58],[17,-149],[154,-48],[99,-171],[69,105],[53,-120],[-42,-82],[35,-145],[43,-40],[62,109],[97,-174],[67,-71],[60,51],[41,-106],[94,74],[44,103],[115,-25],[87,-152],[185,-117],[190,28],[125,144],[82,143],[12,82],[-32,154],[-106,214],[1,88],[79,115],[67,179],[87,-65],[78,104],[23,101],[100,186],[44,12],[59,-92],[-8,-149],[-35,-103],[67,-45],[41,200],[65,0],[107,113]],[[78027,7465],[-87,129],[-84,176],[-66,221],[17,312],[-36,74],[84,158],[38,-23],[310,113],[-18,137],[-92,160],[-4,66],[64,184]],[[74560,16754],[0,-259],[85,-169],[99,-85],[73,-164],[39,-256],[-4,-183],[27,-165],[-55,-100],[-14,-142],[69,-60],[85,29],[-6,-80],[44,-128],[99,-51],[27,-141],[-76,-211],[34,-75],[85,-72],[162,-43]],[[75617,9473],[-26,-42],[-48,-189],[-85,-96],[-39,-95],[-4,-198],[42,-182],[-68,-35]],[[78331,3377],[-48,-33],[21,-109],[-102,-61],[51,-140],[-169,-177],[-128,-214],[-59,-124],[-120,-387],[105,-179],[33,-121],[-5,-79],[30,-155],[-91,-376],[-30,-6],[-44,-176],[-72,-159],[-27,-167],[-28,-81],[-104,89],[-106,134],[27,106],[-15,103],[-87,100],[34,132],[-91,226],[-212,308],[-75,-92],[-117,139],[-222,128],[-99,88],[-49,93],[-142,-30],[-40,-128],[-104,31],[-9,91],[-124,121],[-193,-185],[-108,-200],[-35,-194],[1,-156],[-17,-76],[-73,-171],[-150,-39],[-64,-104]],[[75474,1147],[-89,-20],[-253,21],[-7,106],[-38,118],[-55,38],[-37,134],[18,107],[6,223],[-37,163],[-99,245],[81,39],[-14,152],[5,165],[-24,113],[-41,73],[-39,220],[-84,-1],[13,173],[-41,118],[5,155],[-47,28],[65,121],[-75,116],[-126,153],[49,83],[17,179],[39,84],[45,178],[93,102],[1,138],[-84,-29],[-110,-107],[32,123],[-16,73],[-73,91],[48,186]],[[75474,1147],[-448,-284],[-500,-186],[-266,79],[-147,-34],[-79,-98],[-60,-152],[5,-115],[-27,-125],[-141,-213],[-76,-19],[-101,92],[-80,37],[35,122],[-54,91],[-3,136],[29,147],[17,211],[-117,92],[-8,68],[-95,58],[-50,94],[-60,-46],[4,128],[-129,101],[-50,83],[31,120],[64,-9],[112,126],[41,142],[68,57],[68,173],[153,16],[-50,458],[27,276],[-25,186],[-175,187],[-86,160],[-120,165],[-75,141],[-177,150],[-39,140],[100,44],[77,113],[20,183],[38,67],[86,284],[118,346]],[[53713,55428],[-409,-148],[-117,510],[-44,1],[-75,71],[-15,171],[-53,206],[88,63],[-17,195],[56,129],[2,194],[45,56],[-14,253],[-84,-41],[-76,-5],[-67,37],[-23,74],[-42,401],[-27,136],[80,38],[37,138],[55,128],[143,594],[-21,224],[315,351],[152,304],[87,235]],[[53689,59743],[36,-38],[98,39],[151,11],[111,-17],[27,-37],[226,55],[155,-44],[226,-22],[-52,123],[6,121],[-22,76],[-23,203],[-47,290],[5,62],[53,93],[355,-110],[111,-105],[66,115],[192,-123],[47,124],[131,114],[-81,127],[69,107],[134,-36],[145,125],[322,-134],[83,-96],[-22,-178],[28,-86],[94,-182],[33,56],[107,99],[178,18],[-8,-129],[19,-90]],[[56642,60274],[-143,-3],[-79,-86],[-3,-157],[18,-99],[209,-484],[262,-169],[41,-156],[-10,-255],[-17,-187],[25,-199],[69,-173],[36,-246],[25,-277],[38,-122],[61,-124],[83,-127],[300,-418],[57,-175],[6,-82],[-38,-327],[3,-157]],[[57585,56251],[-50,-42],[-304,-86],[73,-143],[-66,-40],[-49,-85],[80,-56],[-11,-119]],[[57258,55680],[-201,-163],[-297,-127],[-51,51],[-112,192],[45,70],[14,90],[-115,192],[45,70],[7,98],[-79,131],[41,172],[-53,64],[-96,0],[-64,-106],[-108,104],[-19,-72],[-126,-129],[-96,337],[-44,-350],[-131,-132],[51,-58],[33,-115],[-62,-139],[17,-189],[-63,-74],[-175,11],[-66,132],[0,128],[-69,39],[-22,220],[-38,-21],[-58,59],[14,72],[-60,28],[21,127],[-34,130],[76,83],[55,-10],[35,180],[-442,116],[-50,170],[-22,192],[29,74],[-1,126],[-99,-54],[-76,-8],[21,-284],[-31,-26],[11,-118],[-98,-101],[25,-67],[-102,-92],[82,-43],[64,-82],[-127,-213],[-30,-199],[-90,-216],[-82,-119],[-141,-67],[24,237],[-97,154],[-212,78],[-70,-4],[-121,-57],[-52,-104],[70,-590],[-143,-50]],[[59756,37539],[-77,61],[-94,-54],[-128,-45],[-50,-79],[-144,-78],[-75,-89],[-150,-25],[-150,-175],[-5,-196],[-46,-67],[-91,-43],[-66,229],[-13,180],[63,21],[72,109],[-8,129],[61,146],[97,45],[32,115],[130,193],[50,132],[85,127],[174,87],[77,371],[27,66],[19,164],[-105,21],[-468,-157],[-274,-16],[-49,-205],[-110,33],[-82,134],[-94,343],[-73,114],[-50,15],[-126,-79],[-238,-208],[-112,-27],[-37,-55],[4,-96],[-48,-74],[-103,-266],[-47,-185],[-77,-33],[-56,94],[-109,-92],[-31,-61],[-74,144],[-31,1],[-60,164],[-62,17],[-53,-33],[-42,-114],[-50,-57],[-92,-3],[-135,55],[-17,-131],[-33,-73],[-93,-42],[-47,200],[-112,151],[-53,24],[-18,182],[-24,65],[-74,23],[-80,-154],[-47,28]],[[56064,38510],[15,58],[-39,219],[-85,49],[-76,-48],[-77,14],[-75,95],[-74,210],[3,62],[77,345],[-59,160],[-85,46],[-110,12],[-41,90],[62,138],[17,100],[-55,101],[125,75],[61,-7],[110,44],[143,-46],[72,18],[26,192],[74,308],[0,119],[34,122],[-47,131],[31,90],[-49,150],[77,36],[81,-5],[17,68],[-78,219],[-61,312],[-125,91],[75,133],[85,38],[115,112],[76,115],[-4,167],[85,3],[159,-79],[70,-130],[22,-82],[-12,-133],[-34,-128],[13,-41],[122,-129],[105,-191],[102,-39],[22,216],[77,253],[-79,107],[-115,18],[-6,114],[50,252],[12,179],[69,223],[-5,181],[-47,191],[-51,151],[1,56],[-71,203],[26,173],[76,174],[-3,95],[62,104],[155,95],[-2,322],[187,-96],[49,26],[98,169],[14,64],[113,53],[61,218],[-54,159],[-139,6],[-55,-30],[-53,52],[-138,45],[32,177],[-56,133],[-26,199],[28,75],[-59,30],[20,154],[-45,113]],[[57080,46348],[88,-28],[149,193],[63,-50],[83,88],[51,6],[37,73],[-6,115],[89,123],[66,29],[82,-15],[78,41],[155,-38],[60,84],[55,193],[53,-36],[70,-155],[114,133],[61,-42],[-64,-159],[-3,-117],[81,3],[54,-318],[4,-369],[186,-43],[-39,-274],[-6,-130],[270,-121],[269,-363],[89,-81],[68,24],[-43,344],[-48,166],[6,163],[-27,145],[-5,216],[30,15],[242,220],[207,79],[156,29],[26,-92],[82,116],[164,-12],[139,21],[206,80],[58,8],[-29,-246],[67,-188],[21,2],[55,-227],[12,-104],[61,-102],[70,28],[145,-292],[36,-7],[45,-182],[31,-64],[146,-108],[99,-112],[67,-108],[96,-70],[44,139],[103,128],[105,214],[269,444],[48,-93],[151,-14],[110,-219],[45,-139],[60,-57],[-2,-128],[23,-81],[80,-24],[88,60]],[[62576,45062],[203,-613],[-89,-215],[-111,87],[-210,352],[-31,-29],[-14,-110],[31,-368]],[[59985,24411],[-58,270],[-84,57],[-53,165],[-14,145],[136,319],[-105,156],[-228,591],[-355,658],[-266,131],[11,91],[-15,122],[-88,48],[-70,-83],[-97,58],[31,139],[-67,23],[-5,119],[25,173],[-58,39],[34,124],[-77,82],[-19,94],[47,139],[52,49],[135,59],[67,-55],[113,158],[-51,153],[-2,80],[116,205],[50,337],[90,55],[8,113],[-50,178],[-93,231],[-129,3]],[[58916,29637],[62,119],[2,73],[76,66],[42,171],[-12,86],[132,182],[50,-2],[147,280],[68,14],[87,96],[24,171],[126,-112],[56,22],[38,205],[53,170],[-33,297],[13,128],[249,178],[83,115],[30,79],[163,122],[19,169],[-34,81],[21,85],[86,98],[-17,98],[-60,65],[-7,167],[-59,137],[6,111],[159,131],[88,92],[123,83],[42,59],[14,93],[-59,60],[-52,159],[-69,72],[-131,-13],[-46,18],[-11,410],[-49,113],[9,61],[-58,117],[-9,94],[52,82],[77,212],[30,41],[-70,253],[64,137],[-18,90],[-40,24],[-60,137],[-130,386],[-76,328],[46,226],[94,75]],[[66645,51284],[-139,703],[-185,28],[-2,80],[-630,-48],[-58,24],[-28,71],[-91,79],[-51,73],[-98,-103],[-96,-204],[-32,-3],[-74,-119],[-24,-77],[-125,-75],[-4,-54],[-84,-90],[-57,-10],[20,-415],[-65,-56],[-193,-316],[-215,-228],[-134,-33],[-754,-49],[-37,-31],[-205,-81],[75,-88],[-44,-43],[-53,34],[-17,68],[-77,144],[-33,-8],[-23,132],[-56,47],[-66,-60]],[[62990,50576],[-28,106],[-54,8],[-42,229],[-65,134],[-33,162],[-52,99],[-80,81],[-29,-31],[-81,128],[-46,129],[-37,39],[-58,-58],[-70,60],[-283,-237],[-43,118],[-62,100],[-123,104],[-101,286],[-15,71],[-61,-35],[-56,39],[-15,121],[18,212],[100,383],[26,297]],[[61700,53121],[79,95],[4,88],[74,174],[-65,200],[-620,1563],[-79,212],[-78,294],[-31,182],[-95,53],[-89,195],[-34,133],[-182,363]],[[60584,56673],[518,740],[80,152],[-24,53],[-84,-60],[-28,70],[-44,-31],[-47,49],[-38,206],[90,111],[17,74],[-8,125],[71,7],[119,134],[-72,367],[19,319]],[[61153,58989],[85,61],[-37,252],[61,78],[131,76],[72,66]],[[61465,59522],[48,-77],[79,-435],[-109,-117],[65,-259],[18,-120],[55,0],[79,-126],[-39,-96],[72,-245],[105,-184],[139,140],[79,60],[80,7],[-23,92],[-60,11],[-39,161],[67,23],[4,95],[92,27],[7,106],[107,69],[141,50],[24,82],[156,62],[144,317],[73,-159],[-28,-67],[109,-229],[40,-144],[85,-187],[118,171],[23,-212],[157,-499],[35,-42],[38,89],[14,138],[-42,107],[49,42],[281,-423],[47,60],[86,-171],[77,-42],[105,-19],[56,-39],[183,-24],[47,11],[96,109],[141,-150],[182,-134],[278,-25],[114,76],[404,-750],[78,-109],[25,2],[172,130],[140,-148],[85,-167],[97,-62],[116,-141],[81,104],[107,-183],[87,-72]],[[66512,56006],[48,-109],[51,-203],[15,-187],[90,-74],[77,-24],[171,47],[-31,-279],[-72,-66],[-91,-272],[-51,-106],[6,-89],[-68,-56],[0,-143],[21,-78],[-79,-157],[74,-166],[6,-95],[68,58],[120,151],[44,-79],[41,73],[121,70],[35,-120],[48,-88],[39,-135],[125,-236],[136,-133],[66,-99],[182,-19],[-35,-269],[-4,-119],[47,-236],[50,-98],[18,-94],[-65,-55],[-53,-96]],[[57585,56251],[-57,-260],[-16,-167],[11,-301],[22,-198],[75,16],[-14,430],[15,117],[102,-57],[79,59],[290,115],[59,-7],[78,176],[144,65],[40,88],[-1,186],[116,92],[71,104],[86,22],[139,201],[74,-117],[96,91],[145,-2],[75,88],[155,-69],[150,-260],[36,-36],[69,45],[5,-120],[197,-30],[-2,73],[68,12],[226,95],[175,97],[36,-70],[133,69],[122,-125]],[[61700,53121],[-44,116],[-180,-181],[-133,-61],[-184,-56],[-117,157],[-95,92],[-40,-10],[-108,-99],[-36,-70],[-147,-44],[-83,-94],[-36,-84],[47,-297],[-12,-289],[-49,-124],[18,-201],[-60,-45],[76,-111],[49,-122],[-67,-120],[3,-67],[-96,31],[-50,-43],[-25,85],[-82,16],[-23,160],[-60,76],[-104,186],[-38,19],[-24,-108],[25,-114],[-336,-178],[-69,-768],[40,-82],[6,-95],[-54,-175],[-97,-30],[-26,-143],[22,-94],[24,-222],[-107,-186],[-109,-146],[-48,89],[80,107],[87,237],[-18,60],[10,177],[-10,239],[-15,50],[24,155],[-46,32],[-50,-46],[-62,-341],[-30,-83],[-64,5],[-101,91],[73,417],[-17,341],[-108,12],[-113,-67],[-79,-157],[-131,-99],[-75,31],[-38,-49],[42,-191],[49,-154],[3,-279],[69,-157],[-120,-119],[-25,-144],[-99,-102],[-2,-95],[-347,-884],[-166,-440],[-67,144],[-164,-70],[-66,28],[-199,-8],[-78,38],[-49,-59],[-104,-11],[-63,83],[-51,11],[-51,-108],[-111,65],[-141,-19],[-148,-60],[-118,12]],[[56582,48282],[10,115],[35,132],[-157,54],[-31,36],[5,103],[54,137],[55,83],[-1,101],[-30,49],[45,115],[12,110],[85,71],[59,81],[107,44],[26,163],[-30,78],[99,141],[23,99],[-35,53],[3,152],[-60,143],[31,204],[70,195],[108,81],[180,37],[88,35],[124,177],[39,156],[-103,422],[-20,191],[8,242],[14,86],[-2,203],[116,163],[0,89],[35,49],[170,71],[-45,41],[-146,58],[-164,-18],[-85,115],[-89,-40]],[[57185,52899],[45,64],[63,190],[-23,70],[-153,36],[-35,103],[-85,37],[-46,107],[51,120],[70,60],[92,216],[-86,17],[-243,209],[-21,103],[28,152],[416,430],[52,6],[134,-80],[81,-72],[4,162],[-62,242],[-46,366],[-113,294],[-50,-51]],[[58916,29637],[-14,23],[-137,443],[-72,-59],[-151,188],[-42,34],[-72,-71],[-140,-58],[6,320],[-16,99],[-190,77],[-46,-136],[-35,-23],[-2,-138],[-75,62],[-69,-102],[-84,-46],[-23,-114],[-138,143],[-109,-66],[-64,-112],[-69,-24],[-79,57],[-100,-33],[-140,132],[-27,-41]],[[57028,30192],[-130,176],[-290,279],[-47,18],[-51,144],[-91,324],[-28,218],[-46,148],[-41,217],[-80,189],[-78,27],[-122,92],[-65,-47],[-71,-4],[-61,-72],[-87,14],[-95,154],[-150,19],[-68,76],[-181,121],[-155,1],[-301,262],[-116,-17],[1,122],[-31,106],[17,202],[-22,92],[-8,160],[14,189],[35,62],[32,192],[54,109],[10,123],[-59,327],[73,86],[106,-40],[117,7],[98,108],[4,53],[68,133],[11,94],[70,38],[61,219],[89,144],[24,123],[-71,179],[-14,171],[8,165],[40,91],[13,182],[27,128],[54,145],[1,117],[-37,43],[-66,188],[16,35],[12,273],[42,81],[70,54],[-56,178],[-11,133],[66,57],[24,85],[135,129],[25,166],[34,119],[135,34],[171,216],[22,138],[-20,89],[6,134]],[[61465,59522],[-48,98],[160,87],[54,46],[-131,230],[-163,-71],[-114,261],[-18,244],[160,98],[157,142],[147,179],[22,48],[220,285],[128,-227],[80,-182],[76,-126],[28,-83],[58,62],[58,-153],[36,31],[37,-80],[-35,-49],[58,-80],[32,13],[110,191],[94,-45],[167,250],[414,399],[-21,60],[82,77],[-58,154],[-36,11],[-123,254],[110,130],[33,70]],[[63239,61846],[103,133],[195,189],[68,112],[166,127],[97,-229],[47,17],[153,155],[73,20],[-44,102],[60,95]],[[64157,62567],[47,-99],[58,-45],[91,-185],[-128,-166],[111,-201],[60,64],[56,-100],[-19,-57],[86,-139],[40,51],[-45,125],[38,46],[77,-166],[67,106],[92,-108],[105,-187],[38,65],[82,-96],[32,45],[83,-118],[102,132],[108,-199],[44,48],[132,-263],[13,-80],[93,-350],[78,54],[48,82],[156,-67],[45,-113],[51,-20],[182,-230],[126,135],[157,-67],[-137,-244],[-3,-99],[94,-162],[100,-276],[-146,-193],[24,-122],[62,-117],[21,-189],[34,-155],[42,-113],[132,-217],[-223,-354],[-34,-121],[71,-104],[53,53],[29,-99],[117,116],[-23,66],[70,54],[70,-17],[76,69],[96,-403],[160,-244],[-130,-195],[181,-500],[-26,-86],[-110,-224],[-43,-217],[20,-81]],[[67040,56290],[-131,37],[-153,-84],[-132,-158],[-57,17],[-55,-96]],[[70228,62778],[108,-832],[17,-473],[66,-395],[238,-870],[41,13],[-32,-207],[-141,-58],[-45,-48],[3,-94],[-72,-79],[-31,-72],[-10,-156],[33,-86],[-125,-12],[-81,24],[-105,-243],[-86,51],[-57,-121],[-94,-53],[-59,-127],[-89,22],[-12,135],[-34,135],[30,133],[-100,64],[-112,172],[-191,-184],[-27,-97],[-57,-50],[23,-326],[36,-149],[-70,-256],[135,-304],[36,-60],[-101,-136],[-79,-24],[-132,-172],[-94,-76],[8,-71],[-50,-132],[-11,-153],[29,-81],[-112,2],[-95,-25],[-151,-82],[-112,-18],[33,84],[-121,127],[-66,20],[-94,109],[-75,-100],[-92,193],[-77,-49],[-50,-226],[22,-175],[-31,-53],[-142,-153],[-66,-51],[-78,-189],[-129,-67],[-82,-68],[-161,-94],[-174,-260],[-41,35]],[[64157,62567],[118,128],[-28,85],[40,74],[101,99],[-53,170],[-48,-45],[-55,111],[41,101],[-68,189],[16,78],[133,112],[24,60],[-37,139],[90,69],[112,125]],[[64543,64062],[80,106],[132,117],[249,-184],[29,-126],[45,33],[51,-149],[118,-19],[67,-91],[150,236],[141,124],[66,-19],[83,-200],[-68,-77],[44,-113],[58,66],[65,-126],[13,122],[49,90],[99,-184],[146,-60],[54,61],[-63,256],[116,134],[-83,177],[-32,159],[-47,150],[29,52],[143,116],[57,-112],[76,-94],[43,-11],[86,105],[87,224],[89,124]],[[57080,46348],[-65,23],[-102,-30]],[[56913,46341],[-13,130],[19,78],[-155,380],[-143,239],[-77,25],[42,149],[-112,193],[102,90],[-42,157],[45,222],[-76,19],[-38,79],[-87,-16],[48,157],[126,67],[30,-28]],[[62990,50576],[-67,-119],[-122,-68],[-13,-248],[49,-139],[-12,-89],[39,-55],[-69,-185],[-121,-126],[-28,-66],[13,-80],[173,56],[188,126],[153,151],[119,-185],[55,-35],[47,-82],[-3,-110],[38,-93],[-6,-105],[54,-51],[94,56],[49,66],[42,-24],[137,-237],[-22,-132],[12,-130],[34,-73],[23,-304],[28,-118],[-52,-43],[-61,-103],[-136,-109],[-14,-36],[74,-157],[-90,-148],[46,-76],[-45,-66],[76,-348],[-29,-63],[-79,116],[-98,52],[-76,-1],[-155,-88],[-93,-127],[-153,-5],[-181,163],[-60,-30],[-38,40],[12,115],[-28,42],[25,118],[-25,136],[-40,21],[-51,124],[-27,169],[21,68],[-61,40],[-59,-26],[-167,-191],[-122,-107],[-125,-66],[34,-249],[63,-89],[63,22],[70,-135],[56,-9],[106,-132],[47,-187],[-46,-103],[31,-226],[60,-112],[94,-62],[47,-123],[-8,-127],[99,-128],[53,-100],[7,-184],[28,-172],[30,-281],[-164,-124],[-157,-8]],[[57185,52899],[-87,-213],[-52,-9],[-99,-73],[-48,-177],[-98,-23],[-85,10],[-72,45],[-126,21],[29,-174],[-265,-793],[-88,-68],[-253,-240],[-103,-80],[-111,92],[-33,72],[-103,52],[-79,-88],[-53,69],[-65,-55],[-61,95],[-86,-27],[-42,19],[1,166],[22,111],[-42,230],[-127,341],[-19,191],[-162,-8],[-46,-20],[-99,49],[12,-219],[-55,-13],[49,-208],[-57,-138],[-49,-18],[-139,-226],[-9,-112],[22,-175],[-12,-83],[-53,-55],[-134,-199],[-97,-62],[-92,1],[-40,-197]],[[54079,50710],[-162,-54],[5,91],[-50,103],[74,60],[20,69],[6,205],[53,86],[7,68],[-122,-59],[-149,-26],[-46,-43],[-187,-44],[-80,83],[3,148],[36,152],[-5,81],[56,100],[-51,222],[3,433],[-63,217],[-8,98],[-110,141],[-41,88],[-145,185],[214,478],[503,803],[98,512],[-347,14]],[[53591,54921],[122,507]],[[56642,60274],[148,-4],[120,87],[139,49],[46,51],[15,92],[-27,107],[-63,86],[-54,157],[198,121],[114,-60],[269,186],[40,51]],[[57587,61197],[100,-200],[55,-228],[307,28],[75,-156],[-20,-121],[23,-289],[46,-98],[13,-118],[-22,-356],[-50,-95],[-141,-122],[92,-51],[110,-25],[60,-66],[78,67],[106,-6],[381,255],[2,29],[278,45],[21,-86],[251,30],[43,51],[170,-15],[241,45],[168,46],[208,102],[117,28],[3,202],[31,128],[79,21],[68,-75],[77,-3],[121,71],[85,-22],[123,44],[21,-192],[59,-302],[40,-153],[81,31],[49,-341],[1,-174],[16,-137]],[[56913,46341],[-198,-31],[-25,-56],[-155,29],[-195,-42],[-71,79],[-98,45],[-75,-60],[-60,76],[-70,-68],[-118,31],[-35,-30],[-29,174],[-40,108],[-74,81],[-76,164],[-22,110],[6,297],[30,190],[-26,10],[-495,-1173],[-285,-309]],[[54802,45966],[-50,55],[-726,128],[-46,130],[-59,288],[-168,142],[-93,147],[-92,63],[79,233],[49,211],[160,-113],[106,-41],[96,75],[152,62],[63,44],[96,152],[116,100],[133,147],[164,159],[107,143],[-65,184],[-80,185],[-213,171],[-82,-4],[-3,143],[26,119],[-69,201],[-27,230],[8,129],[-25,140],[16,103]],[[54375,49692],[56,0],[17,138],[-13,88],[113,-29],[-93,193],[-14,84],[-79,72],[-93,17],[-81,94],[-109,361]],[[59634,21497],[-32,-218],[-146,-50],[-73,72],[-84,133],[-77,13],[-137,-119],[-48,-13],[-16,-221],[-25,-134],[-64,-170],[-44,78],[-89,30],[-195,-229],[8,-105],[-36,-95],[-159,47],[-38,42],[-107,29],[-89,-80],[-132,-55],[-100,-76],[-86,-14],[-128,39],[-81,215],[-69,-54],[-96,4],[-79,31],[-44,-44],[-168,246],[-38,80],[-131,49],[-162,-18],[30,-269],[-127,-10],[-67,-35],[-107,48],[-117,184],[-89,31],[-41,63],[129,103],[85,141],[-1,208],[30,71],[79,74],[8,192],[41,54],[-9,129],[27,203],[-5,227],[35,-1],[76,147],[63,20],[129,112],[2,174],[-46,70],[-88,70],[-62,81],[5,145],[-16,66],[24,133],[-42,93],[18,143],[-65,86],[-6,60],[82,70],[-57,560],[-271,-10],[-27,195],[31,143],[-60,106],[-82,221],[-22,95],[-5,171],[13,237],[-36,496],[166,-53],[79,36],[101,163],[-50,198],[9,87],[53,215],[81,270],[74,49],[59,-31],[15,86],[-70,254],[50,131],[48,195],[69,183],[51,72],[20,200],[73,72],[121,66],[52,65],[25,156],[-59,160],[-251,-46],[33,221],[82,96],[140,-25],[62,47],[51,243],[-241,474],[27,396],[-45,71],[-125,134]],[[65110,68501],[-160,-94],[-87,-81],[-128,-156],[-16,43],[-155,-192],[-282,-4],[-76,-83],[-92,-53],[-136,-162],[-50,-17],[-76,-117],[-7,-130],[-169,-128],[-354,-245]],[[63322,67082],[-12,117],[-110,42],[-73,135],[-107,322],[-77,182],[-75,-75],[-78,190],[-124,-9],[-137,150],[-62,-210],[-95,-112],[-236,-18],[-731,-26],[-209,-241],[-121,-72],[-147,-122],[-74,45],[-76,105],[-99,-60],[-90,183],[-123,19],[-95,41],[-14,-45],[-90,-51],[-87,16],[52,-149],[-65,-36],[-125,3],[-149,34],[-90,81],[-101,36],[-108,-103],[-17,-81]],[[59577,67373],[-51,-45],[-21,109],[-62,149],[59,172],[42,-13],[58,224],[22,186],[53,85],[-117,135],[-106,359],[69,32],[76,136],[35,113],[71,133],[23,110],[82,-80],[57,190],[68,137],[69,201],[8,111],[31,85],[-9,89],[34,66],[-59,158],[-14,126],[79,210],[-62,104],[-2,147],[-270,210],[-218,263],[155,132],[55,118]],[[59732,71525],[57,-172],[150,72],[24,118],[63,113],[39,-13],[149,198],[88,-2],[76,62],[42,-96],[86,96],[84,-68],[71,52],[120,-322],[58,61],[38,-28],[168,203],[29,-25],[115,177],[118,120],[0,114],[-80,235],[62,149],[44,248],[57,121],[83,93]],[[57587,61197],[32,118],[74,149],[62,17],[65,-39],[78,83],[18,-60],[94,9],[49,218],[65,92],[28,-45],[69,2],[12,121],[-82,106],[30,81],[-76,54],[22,86],[23,232],[55,213],[44,228]],[[58249,62862],[46,-27],[56,119],[22,112],[2,362],[62,24],[233,35],[32,106],[110,228],[120,333],[-17,39],[-91,4],[-3,127],[169,228],[-64,130],[-16,100],[15,161],[335,-528],[74,167],[82,97],[23,68],[74,0],[51,54],[114,62],[145,176]],[[59823,65039],[42,-138],[71,27],[116,-216],[13,-130],[-50,-179],[130,-99],[90,58],[43,-43],[-25,287],[65,22],[37,-330],[230,38],[28,-123],[67,78],[39,88],[-7,235],[47,143],[67,85],[133,87],[98,-261],[168,-196],[95,-173],[4,-138],[76,-70],[21,-143],[56,-118],[4,-72],[65,-76],[79,-143],[124,-353],[39,-139],[85,-200],[83,66],[74,-12],[197,209],[220,152],[34,-19],[9,-116],[114,-279],[69,-126],[85,48],[45,103],[124,115],[83,153],[65,-163],[39,31],[57,-179],[64,-104],[-61,-83],[47,-93],[-35,-44],[39,-87],[-81,-148],[33,-74],[-61,-99],[123,-252]],[[59932,79158],[-437,-914],[91,-341],[127,-310],[113,96],[299,-122],[-151,-343],[-14,-115],[88,-344],[-62,-102],[-104,147],[-83,81],[-87,193],[-255,-360],[-88,-208],[-75,-3],[-107,-297],[-21,-83],[-126,-215],[-194,-286],[-33,-113],[-28,-217],[-35,-125],[-68,24],[-13,-90],[-51,13],[-29,-208],[8,-122],[-38,-139],[8,-221],[27,-74],[91,-95],[141,-861],[-133,-226],[-45,-46],[-281,-358],[-127,-147]],[[58240,72627],[-60,37],[-172,230],[-74,-146],[-99,235],[-38,-104],[-203,-211]],[[57594,72668],[-30,128],[-126,294],[30,41],[-95,108],[-29,-124],[-96,-155],[-215,202],[-42,-8],[-55,67],[57,128],[38,177],[-87,207],[69,16],[26,74],[-42,107],[-71,77],[-151,-20],[-62,82],[-52,-38],[-16,-113],[-37,-30],[-49,141],[-260,212],[-267,286],[-48,65],[-5,-165],[-65,-331],[-44,-104],[-40,-3],[-15,202],[19,89],[-3,353],[-139,342],[-282,-395],[-74,204],[-181,467],[-178,326],[68,96],[-238,271],[-82,-53],[-85,-22]],[[54640,75869],[-25,134],[-70,149],[1,44],[77,161],[-51,104],[100,324],[49,-140],[98,-18],[117,31],[166,139],[-134,341],[-198,456],[-194,400]],[[51968,65714],[46,23],[59,137],[-20,335],[83,209],[62,350],[40,45],[62,-26],[47,134],[57,282],[69,129],[6,94],[-26,151],[80,132],[-8,139],[38,139],[-11,127],[-42,152],[-81,201],[151,71],[47,106],[108,32],[240,96],[49,34]],[[53024,68806],[27,-405],[141,-70],[319,-19],[254,220],[54,66],[75,28],[181,20],[71,-160],[506,-1307],[62,-29],[-81,-318],[59,-117],[-32,-102],[-48,-42],[-59,27],[-4,-131],[-69,-411],[-38,-379],[18,-233],[33,-271],[2,-124],[-30,-202],[6,-84],[73,39],[185,-63],[47,54],[93,-21],[47,-56],[116,172],[91,79],[30,-49],[65,18],[79,131],[41,156],[58,-17],[48,114],[88,103],[182,-908]],[[55714,64515],[16,-154],[-148,13],[-43,-150],[-76,-79],[-140,-217],[-113,-122],[-82,-134],[-141,-280],[-108,-152]],[[54879,63240],[-376,887],[-429,102],[-289,59],[-66,428],[-105,-100],[-627,529],[-163,-305],[-53,14],[-125,-223],[-120,370],[-33,63],[-164,177],[-139,80],[-222,393]],[[49517,64340],[40,-393],[47,-56],[51,-127],[75,28],[155,176],[52,93],[25,102],[120,14],[240,365],[200,262],[71,126],[29,281],[82,60],[-75,220],[99,43],[36,-170],[35,-17],[75,-131],[82,-81],[-7,-136],[41,-81],[100,23],[176,71],[-4,195]],[[51262,65207],[337,69],[3,-27],[286,322],[-22,92],[102,51]],[[54879,63240],[-126,-128],[-499,-4],[-205,-83],[-8,-77],[-66,-29],[-179,-117],[-159,-85],[-130,-198],[-64,-67],[-155,-76],[-40,-80]],[[53248,62296],[-91,-43],[-9,56],[-193,-115],[-234,-25],[-99,20],[-105,109],[-7,-140],[-95,-75],[-127,-147],[-56,-202],[-77,-33],[-133,31],[-321,-53],[-20,-161],[-161,-182],[-56,-111],[-90,-98],[-40,-95],[-55,-5],[-188,164],[-76,131],[-67,32],[-82,-43],[-59,15],[-80,85],[-188,88],[-147,-76],[-19,11],[-71,-165],[-113,86],[-83,12],[-29,-58],[-19,-141],[-64,-68],[82,-160],[-9,-129],[-85,13],[-111,79],[-74,-64],[-69,89],[-68,25],[-50,-164],[-61,46],[-85,176],[26,216],[-27,113],[-105,99],[-75,-11],[-95,86],[-54,-251],[-169,85],[-87,-100],[-27,-66]],[[59823,65039],[-41,153],[-116,299],[-36,60],[143,160],[17,104],[59,96],[-135,295],[-72,85],[-47,11],[-42,118],[-133,154],[-53,113],[221,20],[51,277],[38,132],[-100,257]],[[63322,67082],[53,-295],[-15,-84],[135,-254],[-48,-58],[-301,-302],[-400,-334],[-96,-90],[57,-79],[145,-96],[220,-202],[97,-134],[141,66],[43,-61],[74,57],[112,-224],[94,-234],[266,-542],[33,76],[219,388],[107,-254],[69,-107],[149,113],[67,34],[42,-99],[6,-110],[-53,-70],[5,-125]],[[53248,62296],[316,-40],[63,-21],[-4,-108],[-129,-138],[35,-339],[293,-472],[33,-79],[-58,-150],[135,78],[70,-174],[-26,-78],[-59,15],[-92,-37],[-19,-39],[-106,-64],[-15,-62],[48,-173],[11,-126],[-55,-546]],[[53591,54921],[-168,-28],[-400,21],[-294,55],[-276,89],[-70,6],[-142,69],[-69,-39],[2,-143],[-28,-129],[-5,-136],[-146,40],[-49,42],[-53,-55],[-151,-78],[-96,-19],[-41,-300],[-102,18],[-102,-8],[-164,-112],[53,-154],[-97,-13],[-103,-97],[-32,187],[-94,-34],[-52,35],[-11,92],[-200,11],[-109,99],[-164,58],[-36,156],[31,103],[81,140],[-40,238],[-108,-31],[-18,27],[-126,-96],[-170,41],[-236,22],[6,46],[-262,-76],[-120,12],[-63,-40],[-94,-6],[-65,-98],[-34,54],[50,197],[50,103],[92,93],[54,157],[103,113],[68,110],[53,146],[233,590],[-691,-383],[-23,-74],[-173,-128],[-110,30],[10,385],[84,334],[82,180],[30,312],[-33,439],[1,204],[-82,478]],[[58249,62862],[-228,62],[-123,9],[-108,70],[2,132],[77,226],[-89,99],[-223,60],[-186,-9],[-172,20],[-43,-493],[-75,4],[-148,-38],[-143,15],[-101,-18],[-84,81],[-173,28],[-84,206],[-157,132],[-182,399],[2,196],[-44,262],[-253,210]],[[53024,68806],[-52,135],[-140,144],[-45,155],[-43,325],[48,237],[16,150],[-19,257],[-4,345]],[[52785,70554],[74,-62],[38,80],[129,149],[23,49],[141,102],[45,55],[121,230],[158,120],[76,-8],[136,66]],[[53726,71335],[68,9],[59,-38],[58,62],[25,-246],[39,2],[38,-242],[148,38],[3,-113],[28,-138],[44,-110],[0,-127],[110,86],[9,-41],[181,-90],[136,14],[141,47],[117,65],[111,86],[330,-527],[73,-78],[177,-114],[-4,149],[110,75],[-1,104],[103,245],[145,128],[-98,310],[41,48],[-43,101],[384,146],[-10,100],[202,116],[-60,342],[204,117],[-57,205],[-55,133],[-110,111],[170,106],[17,80],[96,-68],[93,63],[29,-23],[100,173],[98,-36],[114,95],[0,-106],[65,-142],[-6,-136],[63,-32],[83,114],[106,96],[71,40],[16,-90],[-19,-165],[49,11],[81,-51],[73,106],[-77,323]],[[58240,72627],[35,-278],[-92,-186],[81,-36],[162,50],[122,-146],[68,-113],[-83,-115],[-94,-20],[-99,-82],[-81,-136],[74,-158],[67,-51],[28,-75],[148,-48],[90,5],[101,-104],[70,161],[22,147],[43,126],[19,223],[-16,178],[36,51],[111,301],[146,61],[53,-76],[37,-213],[99,75],[-4,-196],[82,-92],[53,-18],[81,92],[171,-345],[-38,-84]],[[50070,75327],[-16,-94],[11,-176],[53,-95],[34,18],[42,-187],[-191,-131],[31,-253],[47,-181],[59,-122],[122,-81],[108,-166],[190,-196],[-114,-231],[-27,-151],[-111,-340],[-59,-139],[114,-436],[146,-687]],[[50509,71679],[29,-166],[-227,-109],[-14,25],[-134,-147],[-50,21],[-155,-142],[-49,-98],[-10,-93],[35,-175],[-61,-14],[36,-228],[103,-284]],[[50012,70269],[-238,-116],[-115,-72],[-355,-252],[-229,-155]],[[50012,70269],[44,-54],[-39,-162],[36,-60],[84,35],[96,-158],[44,-126],[127,-254],[108,-287],[-12,-111],[-173,-344],[-39,-193],[-60,-125],[7,-255],[60,-267],[61,-215],[157,-314],[37,-196],[107,-69],[67,-68],[36,-88],[156,-144],[49,33],[64,-103],[-100,-119],[57,-229],[121,-652],[55,-187],[43,-90],[57,-260]],[[50509,71679],[78,32],[279,-51],[112,-5],[170,-896],[82,66],[119,46],[190,-63],[532,350],[335,-279],[379,-325]],[[53726,71335],[-10,115],[-71,195],[138,130],[216,354],[-52,55],[-113,180],[-11,46],[-146,226],[55,115],[91,46],[15,164],[-69,80],[-89,23],[-26,133],[-34,-20],[-15,246],[-107,300],[-147,169],[260,367],[-67,125],[87,188],[75,84],[-98,47],[81,99],[-96,241],[50,61],[47,-180],[114,-139],[69,-32],[-40,-108],[62,-60],[34,168],[-82,213],[68,60],[23,-53],[117,55],[168,141],[-5,54],[107,78],[5,85],[267,453],[43,30]],[[43515,51955],[48,242],[15,193],[303,-167],[130,15],[47,89],[31,124],[201,-16],[53,-33],[-67,-211],[6,-172],[105,-98],[41,-71],[75,-46],[52,-120],[72,41],[163,-71],[75,-148],[94,212],[172,-8],[165,-214],[300,-98],[8,-137],[46,-94],[34,-133],[-6,-245],[133,-45],[51,9],[140,86]],[[46002,50839],[137,-683],[67,-80],[22,-130],[41,-52],[83,-197],[32,17],[80,-71],[84,30],[118,94],[49,99],[40,16],[157,152],[108,-3],[-153,-498],[29,-789],[-45,-6],[-85,-73],[-78,-14],[-100,-216],[-21,-263],[-172,-160],[33,-387],[-17,-99],[-55,-31],[-72,-153],[-44,-52],[-60,-137],[30,-359],[-34,-99],[-43,-230],[-119,-161],[-33,-117],[18,-46],[-36,-170],[15,-143],[-81,-107],[-73,-224],[7,-165]],[[45831,45332],[-94,-92],[-136,-185],[-89,-59],[-164,86],[-250,-119],[-113,17],[-12,-130],[-86,-200],[-113,41],[-102,-26],[-121,-133],[-164,-44],[-87,170],[-123,-148],[-42,-95],[-113,-146],[-99,-65],[-37,-78],[-180,44]],[[45831,45332],[35,18],[215,-116],[60,-81],[43,-126],[21,-164],[-4,-496],[42,-169],[43,-7],[293,-662],[58,-147],[184,-56],[115,31],[164,89],[39,39],[125,40],[10,-71],[120,-583],[189,-888]],[[47583,41983],[56,-336],[-195,-145],[-107,-61],[76,-292],[-109,-575],[-76,-116],[111,-268],[136,-34],[235,-256],[53,-452],[-3,-140],[-93,-97],[-4,-116],[26,-130],[45,-87],[8,-116],[84,-123],[56,-37],[42,-133],[-17,-78],[46,-419],[136,-301],[39,-217],[77,-98],[66,-147],[85,-352],[35,-308],[61,-226],[12,-98],[45,-99],[106,209],[51,72],[223,177],[118,68],[43,2],[79,74],[53,-8],[168,57],[-1,-185],[38,-201],[-14,-84],[-47,-75],[-16,-104],[17,-234],[-28,-70],[-50,-247],[13,-96],[112,-224],[19,-262],[54,-266],[-143,-198]],[[49304,34531],[-77,3],[-114,-42],[-126,-101],[-146,-64],[-53,12],[-78,-117],[-158,-139],[6,-229],[-44,-141],[-73,-72],[-42,-89],[-35,-2],[-63,-141],[-50,-26],[-363,-123],[-236,86],[-59,-210],[-196,-314],[-52,-238],[-44,-48],[-115,-300],[-6,-149],[-30,-85],[-134,86],[-105,-117],[-80,-159],[-25,-87],[-74,45],[-376,101],[-166,-119],[-47,20],[-33,-69],[-64,11],[-83,126],[-1001,-774],[-35,106],[-85,167],[-151,-23],[-87,75]],[[54802,45966],[-466,-480],[-200,-100],[-293,-259],[19,-137],[-188,-906],[-227,50],[148,-412],[-45,-324],[-901,-714]],[[52649,42684],[81,177],[-62,214],[-27,289],[-137,-29],[-130,-117],[-122,60],[-106,91],[-140,-8],[-123,-57],[-187,88],[-19,45],[-69,-52],[-106,166],[-147,-176],[-151,-105],[-26,-60],[-310,-155],[-106,-15],[-153,-64],[-115,-264],[-120,-76],[-2,-275],[-138,22],[-146,-128],[-50,-142],[-103,-109],[-73,175],[-61,322],[15,79],[-133,309],[-73,30],[-48,176],[-148,-53],[-148,-18],[-59,46],[-82,-89],[-58,208]],[[49067,43189],[-41,93],[-47,335],[-106,574],[-84,111],[336,282],[251,240],[-14,60],[73,164],[-38,68],[93,198],[33,249],[-45,156],[250,298],[102,89],[219,135],[53,9],[47,-78],[118,118],[87,10],[83,53],[90,-81],[124,-2],[208,131],[107,120],[44,-11],[57,78],[66,-4],[48,66],[105,-173],[106,-141],[84,-8],[89,-104],[83,-209],[137,-141],[21,-101],[39,-35],[101,10],[-2,102],[43,74],[62,12],[103,114],[212,104],[36,-34],[142,6],[265,194],[116,98],[-7,585],[-124,90],[-97,32],[-22,176],[-60,160],[-86,343],[58,611],[40,322],[-86,56],[-157,45],[89,182],[-36,44],[99,90],[31,88],[-64,201]],[[52501,49443],[144,153],[227,11],[2,120],[167,590],[75,5],[87,-54],[130,23],[40,-111],[91,-87],[111,1],[38,-40],[6,-106],[78,-167],[25,-107],[45,69],[24,147],[39,17],[18,-174],[33,-41],[109,172],[43,-98],[-19,-104],[20,-127],[124,-15],[69,29],[42,153],[38,43],[68,-53]],[[52501,49443],[-28,37],[87,270],[-200,106],[-71,146],[51,125],[-13,120],[-65,162],[-61,29],[-61,138],[81,135],[-29,106],[-50,18],[-122,-40],[-80,34],[-84,-190],[2,-95],[40,-53],[36,-116],[-100,10],[-35,-106],[-63,-62],[-45,48],[-18,149],[-95,74],[-44,4],[-71,-67],[-119,144],[-8,102],[-120,-24],[-52,-53],[-122,131],[-47,168],[-118,-41],[-129,-168],[-112,-59],[-60,108],[-98,-115],[-115,7],[-71,-43],[-327,148],[-10,80],[-109,84],[-200,-85],[-195,-8],[-66,-146],[-87,-65],[-283,-3],[-144,97],[-8,121],[-89,-10],[1,-159],[-280,-69],[-97,70],[-82,-40],[-71,-110],[-204,-110],[-72,298],[44,71],[-29,72],[-347,604]],[[47637,51422],[125,231],[-95,188],[59,701],[2,91],[-184,307],[-71,203],[-63,115],[7,182],[-13,216],[28,185],[-13,203],[-43,3],[-25,222],[-214,310],[6,273],[22,101],[-47,106],[85,125],[49,137],[10,115],[42,99],[-22,157],[-103,62],[-85,16],[36,-103],[-57,-10],[-71,69],[-109,-72],[-57,-86],[-32,76],[96,86],[-35,145],[-66,65],[-92,16],[-58,180],[-30,241],[90,94],[84,212],[24,104],[203,302],[-41,88],[20,236],[-16,289],[16,41]],[[46002,50839],[268,226],[67,125],[136,19],[62,64],[169,30],[10,101],[-36,92],[63,81],[-5,47],[163,106],[138,-67],[9,27],[415,78],[98,38],[7,-256],[71,-128]],[[49067,43189],[-199,-92],[-10,-24],[55,-215],[31,-45],[26,-170],[-492,-511],[-84,-60],[-161,86],[-170,-57],[-371,-165],[-109,47]],[[52649,42684],[-103,-64],[-60,-173],[-12,-106],[-152,-35],[-110,-9],[-53,-53],[-33,-174],[-36,-68],[-141,-488],[-66,-68],[-124,-553],[-1,-188],[14,-82],[-72,-180],[-146,-107],[-28,-121],[80,-165],[21,20],[70,-295],[10,-222],[166,1],[114,115],[13,-121],[37,-91],[-19,-69],[82,-151],[-51,-180],[-48,-56],[-36,-165],[39,-335],[-77,-159],[-3,-91],[-45,-59],[-12,-198],[-68,-204],[-28,-142],[-5,-127],[-98,-108],[12,-69],[54,-71],[-7,-178],[-27,-106],[22,-152],[-13,-155],[2,-201],[78,-184],[-107,-227],[-2,-108],[56,-123],[-14,-118],[32,-181],[80,-112],[105,-192],[-28,-58],[-144,11],[-93,81],[-69,-36],[-63,26],[-72,-79],[-108,95],[-69,23],[-127,-30],[-43,-76],[-16,-101],[-38,-26],[-164,-8],[-44,-64],[-98,-25],[-109,-70],[-55,-64],[-70,11],[-62,-87],[-113,-15],[-62,-51],[-46,-92],[-44,-18],[-78,60],[-100,-53],[-59,-61],[-286,-5],[-88,-38],[-51,15],[-133,-28],[-103,58]],[[40781,92660],[-78,-113],[-59,41],[-140,-42],[-79,-87],[-122,38],[-64,45],[-16,127],[-44,105],[-55,44],[-204,-24],[-98,-51],[-63,2],[-23,195],[-78,249],[-140,-13],[-44,157],[-91,-26],[8,-109],[-53,14],[-15,127],[181,342],[65,54],[66,233],[5,138],[-34,128],[6,95],[47,97],[67,74],[88,-57],[74,49],[132,34],[75,-10],[37,174],[54,18],[68,-75],[150,-1],[-5,124],[27,74],[-3,221],[26,6],[3,182],[31,99],[70,29],[-51,213],[-87,141],[2,44],[93,56],[88,82],[-41,121],[-40,-8],[-83,60],[-103,112],[13,110],[-44,239],[23,139],[112,143],[51,180],[68,136],[98,88],[70,181],[110,130],[20,67],[-27,243],[-23,100],[-52,57],[-37,105],[-5,139],[191,99],[192,38],[201,185],[99,65],[69,84],[113,203],[167,157],[87,45],[242,68],[70,-10],[92,-53],[111,-17],[148,6],[187,-16],[193,-163],[206,-110],[-7,150],[35,98],[105,71],[90,279],[45,296],[199,17],[65,118],[49,20],[4,77],[78,7],[45,40],[81,-57],[221,-110],[-13,-135],[-37,-74],[1,-109],[152,-113],[5,-104],[137,-70],[98,-175],[38,-37],[-54,-102],[78,-83],[115,-184],[-34,-80],[-63,-51],[-64,-140],[13,-115],[68,-155],[116,-354],[84,-231],[-273,-92],[42,-83],[-110,-358],[-113,-248],[162,-341],[57,11],[66,-38],[-36,-91],[214,-191],[49,138],[165,-163],[29,-89],[-2,-100],[52,-81],[73,-57],[95,-2],[206,-112],[17,-219],[53,-106],[43,-213],[53,25],[-8,-316],[38,-195],[-68,-131],[309,-1068],[-619,-140],[81,-148],[-94,-89],[-180,-263],[49,-113],[67,-56],[-133,-45],[937,-993],[47,-87],[-528,-358],[-337,-376],[-472,-431],[-40,116],[-220,-186],[-402,-253],[-364,-275],[-423,-306],[-8,357],[-45,42],[-503,280],[-5,-68],[-188,79],[-90,4],[-163,139],[-69,-2],[-111,-131],[-161,69],[-107,66],[-9,65],[-69,108],[-147,313],[-37,55],[-20,157],[-50,102],[10,129],[-39,176],[12,69],[-33,210],[-38,89],[-155,109],[-162,58],[-81,386],[28,80],[36,262],[33,18],[27,220],[-129,43],[-51,-5],[-53,-100],[-7,-86],[-43,-30]]],"transform":{"scale":[0.00003566016450317332,0.000014169204555462337],"translate":[2.842119317518811,49.49699502991542]},"objects":{"communes":{"type":"GeometryCollection","geometries":[{"arcs":[[0,1,2,3]],"type":"Polygon","properties":{"nis":25005,"nom":"Beauvechain","province":"Brabant wallon"}},{"arcs":[[4,5,6,7,8,9,10]],"type":"Polygon","properties":{"nis":25014,"nom":"Braine-l’Alleud","province":"Brabant wallon"}},{"arcs":[[-5,11,12,13]],"type":"Polygon","properties":{"nis":25015,"nom":"Braine-le-Château","province":"Brabant wallon"}},{"arcs":[[14,15,16,17,18,19]],"type":"Polygon","properties":{"nis":25018,"nom":"Chaumont-Gistoux","province":"Brabant wallon"}},{"arcs":[[20,21,22,23,24]],"type":"Polygon","properties":{"nis":25023,"nom":"Court-Saint-Etienne","province":"Brabant wallon"}},{"arcs":[[-9,25,26,-21,27,28,29]],"type":"Polygon","properties":{"nis":25031,"nom":"Genappe","province":"Brabant wallon"}},{"arcs":[[-1,30,-18,31,32]],"type":"Polygon","properties":{"nis":25037,"nom":"Grez-Doiceau","province":"Brabant wallon"}},{"arcs":[[-4,33,34,35,36,-19,-31]],"type":"Polygon","properties":{"nis":25043,"nom":"Incourt","province":"Brabant wallon"}},{"arcs":[[-11,37,38,39,-12]],"type":"Polygon","properties":{"nis":25044,"nom":"Ittre","province":"Brabant wallon"}},{"arcs":[[-3,40,41,42,43,-34]],"type":"Polygon","properties":{"nis":25048,"nom":"Jodoigne","province":"Brabant wallon"}},{"arcs":[[44,45,46,47]],"type":"Polygon","properties":{"nis":25050,"nom":"La Hulpe","province":"Brabant wallon"}},{"arcs":[[-15,48,49,-23,50]],"type":"Polygon","properties":{"nis":25068,"nom":"Mont-Saint-Guibert","province":"Brabant wallon"}},{"arcs":[[-10,-30,51,52,53,54,-38]],"type":"Polygon","properties":{"nis":25072,"nom":"Nivelles","province":"Brabant wallon"}},{"arcs":[[-36,55,56,57,58]],"type":"Polygon","properties":{"nis":25084,"nom":"Perwez","province":"Brabant wallon"}},{"arcs":[[-47,59,60,61,62]],"type":"Polygon","properties":{"nis":25091,"nom":"Rixensart","province":"Brabant wallon"}},{"arcs":[[-13,-40,63,64,65]],"type":"Polygon","properties":{"nis":25105,"nom":"Tubize","province":"Brabant wallon"}},{"arcs":[[-25,66,67,68,69,-28]],"type":"Polygon","properties":{"nis":25107,"nom":"Villers-la-Ville","province":"Brabant wallon"}},{"arcs":[[-7,70,-45,71]],"type":"Polygon","properties":{"nis":25110,"nom":"Waterloo","province":"Brabant wallon"}},{"arcs":[[-17,72,-61,73,-32]],"type":"Polygon","properties":{"nis":25112,"nom":"Wavre","province":"Brabant wallon"}},{"arcs":[[-24,-50,74,75,76,-67]],"type":"Polygon","properties":{"nis":25117,"nom":"Chastre","province":"Brabant wallon"}},{"arcs":[[-42,77,78,79]],"type":"Polygon","properties":{"nis":25118,"nom":"Hélécine","province":"Brabant wallon"}},{"arcs":[[-8,-72,-48,-63,80,-26]],"type":"Polygon","properties":{"nis":25119,"nom":"Lasne","province":"Brabant wallon"}},{"arcs":[[-43,-80,81,82,83,84,85]],"type":"Polygon","properties":{"nis":25120,"nom":"Orp-Jauche","province":"Brabant wallon"}},{"arcs":[[-16,-51,-22,-27,-81,-62,-73]],"type":"Polygon","properties":{"nis":25121,"nom":"Ottignies-Louvain-la-Neuve","province":"Brabant wallon"}},{"arcs":[[-35,-44,-86,86,-56]],"type":"Polygon","properties":{"nis":25122,"nom":"Ramillies","province":"Brabant wallon"}},{"arcs":[[-65,87,88,89]],"type":"Polygon","properties":{"nis":25123,"nom":"Rebecq","province":"Brabant wallon"}},{"arcs":[[-20,-37,-59,90,-75,-49]],"type":"Polygon","properties":{"nis":25124,"nom":"Walhain","province":"Brabant wallon"}},{"arcs":[[91,92,93,94,95,96,97,98]],"type":"Polygon","properties":{"nis":51004,"nom":"Ath","province":"Hainaut"}},{"arcs":[[-92,99,100,101,102,103]],"type":"Polygon","properties":{"nis":51008,"nom":"Beloeil","province":"Hainaut"}},{"arcs":[[-102,104,105,106,107]],"type":"Polygon","properties":{"nis":51009,"nom":"Bernissart","province":"Hainaut"}},{"arcs":[[-98,108,109,110]],"type":"Polygon","properties":{"nis":51012,"nom":"Brugelette","province":"Hainaut"}},{"arcs":[[-99,-111,111,112,113,-100]],"type":"Polygon","properties":{"nis":51014,"nom":"Chièvres","province":"Hainaut"}},{"arcs":[[-95,114,115,116,117]],"type":"Polygon","properties":{"nis":51017,"nom":"Ellezelles","province":"Hainaut"}},{"arcs":[[-117,118,119]],"type":"Polygon","properties":{"nis":51019,"nom":"Flobecq","province":"Hainaut"}},{"arcs":[[-94,120,121,122,123,124,-115]],"type":"Polygon","properties":{"nis":51065,"nom":"Frasnes-lez-Anvaing","province":"Hainaut"}},{"arcs":[[-89,125,126,127]],"type":"Polygon","properties":{"nis":51067,"nom":"Enghien","province":"Hainaut"}},{"arcs":[[-97,128,129,-127,130,131,132,-109]],"type":"Polygon","properties":{"nis":51068,"nom":"Silly","province":"Hainaut"}},{"arcs":[[-96,-118,-120,133,-129]],"type":"Polygon","properties":{"nis":51069,"nom":"Lessines","province":"Hainaut"}},{"arcs":[[134,135,136,137,138,139]],"type":"Polygon","properties":{"nis":52010,"nom":"Chapelle-lez-Herlaimont","province":"Hainaut"}},{"arcs":[[140,141,142,143,144,145,146,147,148]],"type":"Polygon","properties":{"nis":52011,"nom":"Charleroi","province":"Hainaut"}},{"arcs":[[-146,149,150,151,152]],"type":"Polygon","properties":{"nis":52012,"nom":"Châtelet","province":"Hainaut"}},{"arcs":[[-138,153,154,-142,155]],"type":"Polygon","properties":{"nis":52015,"nom":"Courcelles","province":"Hainaut"}},{"arcs":[[-151,156,157,158]],"type":"Polygon","properties":{"nis":52018,"nom":"Farciennes","province":"Hainaut"}},{"arcs":[[-69,159,160,-157,-150,-145,161]],"type":"Polygon","properties":{"nis":52021,"nom":"Fleurus","province":"Hainaut"}},{"arcs":[[-139,-156,-141,162,163,164,165]],"type":"Polygon","properties":{"nis":52022,"nom":"Fontaine-l’Evêque","province":"Hainaut"}},{"arcs":[[-147,-153,166,167,168,169,170,171]],"type":"Polygon","properties":{"nis":52025,"nom":"Gerpinnes","province":"Hainaut"}},{"arcs":[[-149,172,173,-163]],"type":"Polygon","properties":{"nis":52048,"nom":"Montigny-le-Tilleul","province":"Hainaut"}},{"arcs":[[-53,174,-143,-155,175]],"type":"Polygon","properties":{"nis":52055,"nom":"Pont-à-Celles","province":"Hainaut"}},{"arcs":[[-152,-159,176,177,-167]],"type":"Polygon","properties":{"nis":52074,"nom":"Aiseau-Presles","province":"Hainaut"}},{"arcs":[[-29,-70,-162,-144,-175,-52]],"type":"Polygon","properties":{"nis":52075,"nom":"Les Bons Villers","province":"Hainaut"}},{"arcs":[[178,179,180,181,182]],"type":"Polygon","properties":{"nis":53014,"nom":"Boussu","province":"Hainaut"}},{"arcs":[[-183,183,184,185,186,187,188]],"type":"Polygon","properties":{"nis":53020,"nom":"Dour","province":"Hainaut"}},{"arcs":[[-185,189,190,191,192,193]],"type":"Polygon","properties":{"nis":53028,"nom":"Frameries","province":"Hainaut"}},{"arcs":[[-106,194,-179,-189,195,196]],"type":"Polygon","properties":{"nis":53039,"nom":"Hensies","province":"Hainaut"}},{"arcs":[[-113,197,198,199,200]],"type":"Polygon","properties":{"nis":53044,"nom":"Jurbise","province":"Hainaut"}},{"arcs":[[-110,-133,201,-198,-112]],"type":"Polygon","properties":{"nis":53046,"nom":"Lens","province":"Hainaut"}},{"arcs":[[-192,202,203,-200,204,205,206,207,208,209]],"type":"Polygon","properties":{"nis":53053,"nom":"Mons","province":"Hainaut"}},{"arcs":[[-181,210,-203,-191,211]],"type":"Polygon","properties":{"nis":53065,"nom":"Quaregnon","province":"Hainaut"}},{"arcs":[[-188,212,213,-196]],"type":"Polygon","properties":{"nis":53068,"nom":"Quiévrain","province":"Hainaut"}},{"arcs":[[-101,-114,-201,-204,-211,-180,-195,-105]],"type":"Polygon","properties":{"nis":53070,"nom":"Saint-Ghislain","province":"Hainaut"}},{"arcs":[[-182,-212,-190,-184]],"type":"Polygon","properties":{"nis":53082,"nom":"Colfontaine","province":"Hainaut"}},{"arcs":[[-187,214,-213]],"type":"Polygon","properties":{"nis":53083,"nom":"Honnelles","province":"Hainaut"}},{"arcs":[[-193,-210,215,216]],"type":"Polygon","properties":{"nis":53084,"nom":"Quévy","province":"Hainaut"}},{"arcs":[[-39,-55,217,218,219,-131,-126,-88,-64]],"type":"Polygon","properties":{"nis":55004,"nom":"Braine-le-Comte","province":"Hainaut"}},{"arcs":[[-206,220,221,222]],"type":"Polygon","properties":{"nis":55035,"nom":"Le Roeulx","province":"Hainaut"}},{"arcs":[[-132,-220,223,-221,-205,-199,-202]],"type":"Polygon","properties":{"nis":55040,"nom":"Soignies","province":"Hainaut"}},{"arcs":[[-219,224,-222,-224]],"type":"Polygon","properties":{"nis":55050,"nom":"Ecaussinnes","province":"Hainaut"}},{"arcs":[[-54,-176,-154,-137,225,226,-225,-218]],"type":"Polygon","properties":{"nis":55085,"nom":"Seneffe","province":"Hainaut"}},{"arcs":[[-136,227,228,-226]],"type":"Polygon","properties":{"nis":55086,"nom":"Manage","province":"Hainaut"}},{"arcs":[[-140,-166,229,230,231]],"type":"Polygon","properties":{"nis":56001,"nom":"Anderlues","province":"Hainaut"}},{"arcs":[[232,233,234,235,236,237,238]],"type":"Polygon","properties":{"nis":56005,"nom":"Beaumont","province":"Hainaut"}},{"arcs":[[239,240,241,242,243,244]],"type":"Polygon","properties":{"nis":56016,"nom":"Chimay","province":"Hainaut"}},{"arcs":[[-234,245,246,247]],"type":"Polygon","properties":{"nis":56022,"nom":"Erquelinnes","province":"Hainaut"}},{"arcs":[[-238,248,249,250,-242,251]],"type":"Polygon","properties":{"nis":56029,"nom":"Froidchapelle","province":"Hainaut"}},{"arcs":[[-165,252,253,254,-230]],"type":"Polygon","properties":{"nis":56044,"nom":"Lobbes","province":"Hainaut"}},{"arcs":[[-235,-248,255,256,-254,257]],"type":"Polygon","properties":{"nis":56049,"nom":"Merbes-le-Château","province":"Hainaut"}},{"arcs":[[-245,258]],"type":"Polygon","properties":{"nis":56051,"nom":"Momignies","province":"Hainaut"}},{"arcs":[[-164,-174,259,260,-236,-258,-253]],"type":"Polygon","properties":{"nis":56078,"nom":"Thuin","province":"Hainaut"}},{"arcs":[[-148,-172,261,-260,-173]],"type":"Polygon","properties":{"nis":56086,"nom":"Ham-sur-Heure-Nalinnes","province":"Hainaut"}},{"arcs":[[-239,-252,-241,262]],"type":"Polygon","properties":{"nis":56088,"nom":"Sivry-Rance","province":"Hainaut"}},{"arcs":[[263,264,265,266]],"type":"Polygon","properties":{"nis":57003,"nom":"Antoing","province":"Hainaut"}},{"arcs":[[-123,267,268,269,270]],"type":"Polygon","properties":{"nis":57018,"nom":"Celles","province":"Hainaut"}},{"arcs":[[271,272,273,274]],"type":"Polygon","properties":{"nis":57027,"nom":"Estaimpuis","province":"Hainaut"}},{"arcs":[[-269,275,-273,276]],"type":"Polygon","properties":{"nis":57062,"nom":"Pecq","province":"Hainaut"}},{"arcs":[[-103,-108,277,-266,278,279]],"type":"Polygon","properties":{"nis":57064,"nom":"Péruwelz","province":"Hainaut"}},{"arcs":[[280,281,282]],"type":"Polygon","properties":{"nis":57072,"nom":"Rumes","province":"Hainaut"}},{"arcs":[[-122,283,-279,-265,284,-281,285,-274,-276,-268]],"type":"Polygon","properties":{"nis":57081,"nom":"Tournai","province":"Hainaut"}},{"arcs":[[-264,286,-282,-285]],"type":"Polygon","properties":{"nis":57093,"nom":"Brunehaut","province":"Hainaut"}},{"arcs":[[-93,-104,-280,-284,-121]],"type":"Polygon","properties":{"nis":57094,"nom":"Leuze-en-Hainaut","province":"Hainaut"}},{"arcs":[[-124,-271,287]],"type":"Polygon","properties":{"nis":57095,"nom":"Mont-de-l’Enclus","province":"Hainaut"}},{"arcs":[[-272,288]],"type":"Polygon","properties":{"nis":57096,"nom":"Mouscron","province":"Hainaut"}},{"arcs":[[289]],"type":"Polygon","properties":{"nis":57097,"nom":"Comines-Warneton","province":"Hainaut"}},{"arcs":[[-207,-223,-227,-229,290,291]],"type":"Polygon","properties":{"nis":58001,"nom":"La Louvière","province":"Hainaut"}},{"arcs":[[-208,-292,292,-231,-255,-257,293]],"type":"Polygon","properties":{"nis":58002,"nom":"Binche","province":"Hainaut"}},{"arcs":[[-209,-294,-256,-247,294,-216]],"type":"Polygon","properties":{"nis":58003,"nom":"Estinnes","province":"Hainaut"}},{"arcs":[[-135,-232,-293,-291,-228]],"type":"Polygon","properties":{"nis":58004,"nom":"Morlanwelz","province":"Hainaut"}},{"arcs":[[295,296,297,298,299,300,301,302]],"type":"Polygon","properties":{"nis":61003,"nom":"Amay","province":"Liège"}},{"arcs":[[303,304,305,306,307,308]],"type":"Polygon","properties":{"nis":61010,"nom":"Burdinne","province":"Liège"}},{"arcs":[[309,310,311,312,313,314,315,316]],"type":"Polygon","properties":{"nis":61012,"nom":"Clavier","province":"Liège"}},{"arcs":[[317,318,319,320,321,322]],"type":"Polygon","properties":{"nis":61019,"nom":"Ferrières","province":"Liège"}},{"arcs":[[-318,323,324,325,326]],"type":"Polygon","properties":{"nis":61024,"nom":"Hamoir","province":"Liège"}},{"arcs":[[-309,327,328,329]],"type":"Polygon","properties":{"nis":61028,"nom":"Héron","province":"Liège"}},{"arcs":[[-303,330,331,332,333,334]],"type":"Polygon","properties":{"nis":61031,"nom":"Huy","province":"Liège"}},{"arcs":[[-312,335,-332,336]],"type":"Polygon","properties":{"nis":61039,"nom":"Marchin","province":"Liège"}},{"arcs":[[-302,337,338,-313,-337,-331]],"type":"Polygon","properties":{"nis":61041,"nom":"Modave","province":"Liège"}},{"arcs":[[-301,339,340,341,342,-338]],"type":"Polygon","properties":{"nis":61043,"nom":"Nandrin","province":"Liège"}},{"arcs":[[-315,343,344,-325,345]],"type":"Polygon","properties":{"nis":61048,"nom":"Ouffet","province":"Liège"}},{"arcs":[[-298,346,347,348,349]],"type":"Polygon","properties":{"nis":61063,"nom":"Verlaine","province":"Liège"}},{"arcs":[[-297,350,351,352,-347]],"type":"Polygon","properties":{"nis":61068,"nom":"Villers-Le-Bouillet","province":"Liège"}},{"arcs":[[-296,-335,353,-328,-308,354,-351]],"type":"Polygon","properties":{"nis":61072,"nom":"Wanze","province":"Liège"}},{"arcs":[[-326,-345,355,-342,356,357,358]],"type":"Polygon","properties":{"nis":61079,"nom":"Anthisnes","province":"Liège"}},{"arcs":[[-300,359,360,361,-340]],"type":"Polygon","properties":{"nis":61080,"nom":"Engis","province":"Liège"}},{"arcs":[[-314,-339,-343,-356,-344]],"type":"Polygon","properties":{"nis":61081,"nom":"Tinlot","province":"Liège"}},{"arcs":[[362,363,364,365,366]],"type":"Polygon","properties":{"nis":62003,"nom":"Ans","province":"Liège"}},{"arcs":[[-364,367,368,369,370,371]],"type":"Polygon","properties":{"nis":62006,"nom":"Awans","province":"Liège"}},{"arcs":[[-320,372,373,374,375]],"type":"Polygon","properties":{"nis":62009,"nom":"Aywaille","province":"Liège"}},{"arcs":[[376,377,378,379]],"type":"Polygon","properties":{"nis":62011,"nom":"Bassenge","province":"Liège"}},{"arcs":[[380,381,382,383]],"type":"Polygon","properties":{"nis":62015,"nom":"Beyne-Heusay","province":"Liège"}},{"arcs":[[-381,384,385,386,387,388]],"type":"Polygon","properties":{"nis":62022,"nom":"Chaudfontaine","province":"Liège"}},{"arcs":[[-319,-327,-359,389,390,-373]],"type":"Polygon","properties":{"nis":62026,"nom":"Comblain-au-Pont","province":"Liège"}},{"arcs":[[391,392,393,394,395]],"type":"Polygon","properties":{"nis":62027,"nom":"Dalhem","province":"Liège"}},{"arcs":[[-358,396,397,398,-388,399,-390]],"type":"Polygon","properties":{"nis":62032,"nom":"Esneux","province":"Liège"}},{"arcs":[[-384,400,401,402,403,-385]],"type":"Polygon","properties":{"nis":62038,"nom":"Fléron","province":"Liège"}},{"arcs":[[404,405,406]],"type":"Polygon","properties":{"nis":62051,"nom":"Herstal","province":"Liège"}},{"arcs":[[-365,-372,407,-377,408,-405,409]],"type":"Polygon","properties":{"nis":62060,"nom":"Juprelle","province":"Liège"}},{"arcs":[[-366,-410,-407,410,411,412,-382,-389,-399,413,414]],"type":"Polygon","properties":{"nis":62063,"nom":"Liège","province":"Liège"}},{"arcs":[[-380,415,-411,-406,-409]],"type":"Polygon","properties":{"nis":62079,"nom":"Oupeye","province":"Liège"}},{"arcs":[[-367,-415,416,417]],"type":"Polygon","properties":{"nis":62093,"nom":"Saint-Nicolas","province":"Liège"}},{"arcs":[[-398,418,419,420,-417,-414]],"type":"Polygon","properties":{"nis":62096,"nom":"Seraing","province":"Liège"}},{"arcs":[[-402,421,422,423]],"type":"Polygon","properties":{"nis":62099,"nom":"Soumagne","province":"Liège"}},{"arcs":[[-374,-391,-400,-387,424,425,426]],"type":"Polygon","properties":{"nis":62100,"nom":"Sprimont","province":"Liège"}},{"arcs":[[-379,427,-393,428,-412,-416]],"type":"Polygon","properties":{"nis":62108,"nom":"Visé","province":"Liège"}},{"arcs":[[-363,-418,-421,429,430,431,432,-368]],"type":"Polygon","properties":{"nis":62118,"nom":"Grâce-Hollogne","province":"Liège"}},{"arcs":[[-383,-413,-429,-392,433,-422,-401]],"type":"Polygon","properties":{"nis":62119,"nom":"Blégny","province":"Liège"}},{"arcs":[[-361,434,-430,-420,435]],"type":"Polygon","properties":{"nis":62120,"nom":"Flémalle","province":"Liège"}},{"arcs":[[-341,-362,-436,-419,-397,-357]],"type":"Polygon","properties":{"nis":62121,"nom":"Neupré","province":"Liège"}},{"arcs":[[-386,-404,436,437,-425]],"type":"Polygon","properties":{"nis":62122,"nom":"Trooz","province":"Liège"}},{"arcs":[[438,439,440,441,442]],"type":"Polygon","properties":{"nis":63001,"nom":"Amblève","province":"Liège"}},{"arcs":[[-395,443,444,445,446,447]],"type":"Polygon","properties":{"nis":63003,"nom":"Aubel","province":"Liège"}},{"arcs":[[448,449,450,451,452]],"type":"Polygon","properties":{"nis":63004,"nom":"Baelen","province":"Liège"}},{"arcs":[[-442,453,454,455]],"type":"Polygon","properties":{"nis":63012,"nom":"Bullange","province":"Liège"}},{"arcs":[[-441,456,457,458,459,-454]],"type":"Polygon","properties":{"nis":63013,"nom":"Butgenbach","province":"Liège"}},{"arcs":[[460,461,462,463,464]],"type":"Polygon","properties":{"nis":63020,"nom":"Dison","province":"Liège"}},{"arcs":[[-450,465,466,467,468,469,470,471,472]],"type":"Polygon","properties":{"nis":63023,"nom":"Eupen","province":"Liège"}},{"arcs":[[-396,-448,473,-461,474,475,476,-423,-434]],"type":"Polygon","properties":{"nis":63035,"nom":"Herve","province":"Liège"}},{"arcs":[[-452,477,478,479,480,481,482,483]],"type":"Polygon","properties":{"nis":63038,"nom":"Jalhay","province":"Liège"}},{"arcs":[[484,485,486,487]],"type":"Polygon","properties":{"nis":63040,"nom":"La Calamine","province":"Liège"}},{"arcs":[[488,489,490,491]],"type":"Polygon","properties":{"nis":63045,"nom":"Lierneux","province":"Liège"}},{"arcs":[[-453,-484,492,-464,493]],"type":"Polygon","properties":{"nis":63046,"nom":"Limbourg","province":"Liège"}},{"arcs":[[-466,494,495,-488,496]],"type":"Polygon","properties":{"nis":63048,"nom":"Lontzen","province":"Liège"}},{"arcs":[[-439,497,498,-479,499]],"type":"Polygon","properties":{"nis":63049,"nom":"Malmedy","province":"Liège"}},{"arcs":[[-403,-424,-477,500,-437]],"type":"Polygon","properties":{"nis":63057,"nom":"Olne","province":"Liège"}},{"arcs":[[-426,-438,-501,-476,501,502]],"type":"Polygon","properties":{"nis":63058,"nom":"Pepinster","province":"Liège"}},{"arcs":[[-467,-497,-487,503,-469,504],[505]],"type":"Polygon","properties":{"nis":63061,"nom":"Raeren","province":"Liège"}},{"arcs":[[-443,-456,506,507,508,509,510,-498]],"type":"Polygon","properties":{"nis":63067,"nom":"Saint-Vith","province":"Liège"}},{"arcs":[[-481,511,512,513]],"type":"Polygon","properties":{"nis":63072,"nom":"Spa","province":"Liège"}},{"arcs":[[-480,-499,-511,514,515,-512]],"type":"Polygon","properties":{"nis":63073,"nom":"Stavelot","province":"Liège"}},{"arcs":[[-321,-376,516,-513,-516,517,-490,518]],"type":"Polygon","properties":{"nis":63075,"nom":"Stoumont","province":"Liège"}},{"arcs":[[-375,-427,-503,519,-482,-514,-517]],"type":"Polygon","properties":{"nis":63076,"nom":"Theux","province":"Liège"}},{"arcs":[[-465,-493,-483,-520,-502,-475]],"type":"Polygon","properties":{"nis":63079,"nom":"Verviers","province":"Liège"}},{"arcs":[[-440,-500,-478,-451,-473,520,-471,521,-459,522,-457]],"type":"Polygon","properties":{"nis":63080,"nom":"Waimes","province":"Liège"}},{"arcs":[[-446,523,-495,-449,-494,-463,524]],"type":"Polygon","properties":{"nis":63084,"nom":"Welkenraedt","province":"Liège"}},{"arcs":[[-491,-518,-515,-510,525]],"type":"Polygon","properties":{"nis":63086,"nom":"Trois-Ponts","province":"Liège"}},{"arcs":[[-508,526,527,528]],"type":"Polygon","properties":{"nis":63087,"nom":"Burg-Reuland","province":"Liège"}},{"arcs":[[-445,529,-485,-496,-524]],"type":"Polygon","properties":{"nis":63088,"nom":"Plombières","province":"Liège"}},{"arcs":[[-447,-525,-462,-474]],"type":"Polygon","properties":{"nis":63089,"nom":"Thimister-Clermont","province":"Liège"}},{"arcs":[[530,531,532]],"type":"Polygon","properties":{"nis":64008,"nom":"Berloz","province":"Liège"}},{"arcs":[[-307,533,534,535,-352,-355]],"type":"Polygon","properties":{"nis":64015,"nom":"Braives","province":"Liège"}},{"arcs":[[-370,536,537,538,539]],"type":"Polygon","properties":{"nis":64021,"nom":"Crisnée","province":"Liège"}},{"arcs":[[-349,540,541,542,543,-432]],"type":"Polygon","properties":{"nis":64023,"nom":"Donceel","province":"Liège"}},{"arcs":[[-369,-433,-544,544,-537]],"type":"Polygon","properties":{"nis":64025,"nom":"Fexhe-le-Haut-Clocher","province":"Liège"}},{"arcs":[[-533,545,546,-535,547,548]],"type":"Polygon","properties":{"nis":64029,"nom":"Geer","province":"Liège"}},{"arcs":[[-83,549,550,-548,-534,-306,551]],"type":"Polygon","properties":{"nis":64034,"nom":"Hannut","province":"Liège"}},{"arcs":[[-79,552,-550,-82]],"type":"Polygon","properties":{"nis":64047,"nom":"Lincent","province":"Liège"}},{"arcs":[[-539,553,554,555]],"type":"Polygon","properties":{"nis":64056,"nom":"Oreye","province":"Liège"}},{"arcs":[[-538,-545,-543,556,-554]],"type":"Polygon","properties":{"nis":64063,"nom":"Remicourt","province":"Liège"}},{"arcs":[[-299,-350,-431,-435,-360]],"type":"Polygon","properties":{"nis":64065,"nom":"Saint-Georges-sur-Meuse","province":"Liège"}},{"arcs":[[-532,557,-555,-557,-542,558,-546]],"type":"Polygon","properties":{"nis":64074,"nom":"Waremme","province":"Liège"}},{"arcs":[[-84,-552,-305,559,560]],"type":"Polygon","properties":{"nis":64075,"nom":"Wasseiges","province":"Liège"}},{"arcs":[[-348,-353,-536,-547,-559,-541]],"type":"Polygon","properties":{"nis":64076,"nom":"Faimes","province":"Liège"}},{"arcs":[[561,562,563,564,565,566]],"type":"Polygon","properties":{"nis":81001,"nom":"Arlon","province":"Luxembourg"}},{"arcs":[[-565,567,568,569]],"type":"Polygon","properties":{"nis":81003,"nom":"Attert","province":"Luxembourg"}},{"arcs":[[570,571,572,573]],"type":"Polygon","properties":{"nis":81004,"nom":"Aubange","province":"Luxembourg"}},{"arcs":[[-569,574,575,576,577]],"type":"Polygon","properties":{"nis":81013,"nom":"Martelange","province":"Luxembourg"}},{"arcs":[[-567,578,-573,579]],"type":"Polygon","properties":{"nis":81015,"nom":"Messancy","province":"Luxembourg"}},{"arcs":[[580,581,582,583,584]],"type":"Polygon","properties":{"nis":82003,"nom":"Bastogne","province":"Luxembourg"}},{"arcs":[[-582,585,586,587,588,589]],"type":"Polygon","properties":{"nis":82005,"nom":"Bertogne","province":"Luxembourg"}},{"arcs":[[-577,590,591,-585,592]],"type":"Polygon","properties":{"nis":82009,"nom":"Fauvillers","province":"Luxembourg"}},{"arcs":[[-583,-590,593,594,595,596]],"type":"Polygon","properties":{"nis":82014,"nom":"Houffalize","province":"Luxembourg"}},{"arcs":[[-492,-526,-509,-529,597,-595,598]],"type":"Polygon","properties":{"nis":82032,"nom":"Vielsalm","province":"Luxembourg"}},{"arcs":[[-581,-592,599,600,601,602,-586]],"type":"Polygon","properties":{"nis":82036,"nom":"Vaux-sur-Sûre","province":"Luxembourg"}},{"arcs":[[-528,603,-596,-598]],"type":"Polygon","properties":{"nis":82037,"nom":"Gouvy","province":"Luxembourg"}},{"arcs":[[-587,-603,604,605,606]],"type":"Polygon","properties":{"nis":82038,"nom":"Sainte-Ode","province":"Luxembourg"}},{"arcs":[[-316,-346,-324,-323,607,608,609,610]],"type":"Polygon","properties":{"nis":83012,"nom":"Durbuy","province":"Luxembourg"}},{"arcs":[[-609,611,612,613]],"type":"Polygon","properties":{"nis":83013,"nom":"Erezée","province":"Luxembourg"}},{"arcs":[[-610,-614,614,615,616]],"type":"Polygon","properties":{"nis":83028,"nom":"Hotton","province":"Luxembourg"}},{"arcs":[[-589,617,618,619,620,621,-594]],"type":"Polygon","properties":{"nis":83031,"nom":"La Roche-en-Ardenne","province":"Luxembourg"}},{"arcs":[[-616,622,-620,623,624,625,626]],"type":"Polygon","properties":{"nis":83034,"nom":"Marche-en-Famenne","province":"Luxembourg"}},{"arcs":[[-619,627,628,629,630,-624]],"type":"Polygon","properties":{"nis":83040,"nom":"Nassogne","province":"Luxembourg"}},{"arcs":[[-613,631,-621,-623,-615]],"type":"Polygon","properties":{"nis":83044,"nom":"Rendeux","province":"Luxembourg"}},{"arcs":[[-588,-607,632,-628,-618]],"type":"Polygon","properties":{"nis":83049,"nom":"Tenneville","province":"Luxembourg"}},{"arcs":[[-322,-519,-489,-599,-622,-632,-612,-608]],"type":"Polygon","properties":{"nis":83055,"nom":"Manhay","province":"Luxembourg"}},{"arcs":[[633,634,635,636,637,638,639]],"type":"Polygon","properties":{"nis":84009,"nom":"Bertrix","province":"Luxembourg"}},{"arcs":[[-635,640,641,642,643,644]],"type":"Polygon","properties":{"nis":84010,"nom":"Bouillon","province":"Luxembourg"}},{"arcs":[[645,646,647,648,649,650]],"type":"Polygon","properties":{"nis":84016,"nom":"Daverdisse","province":"Luxembourg"}},{"arcs":[[-640,651,652,653]],"type":"Polygon","properties":{"nis":84029,"nom":"Herbeumont","province":"Luxembourg"}},{"arcs":[[-576,654,655,656,657,-600,-591]],"type":"Polygon","properties":{"nis":84033,"nom":"Léglise","province":"Luxembourg"}},{"arcs":[[-637,658,-649,659,660,661,662]],"type":"Polygon","properties":{"nis":84035,"nom":"Libin","province":"Luxembourg"}},{"arcs":[[-601,-658,663,-652,-639,664]],"type":"Polygon","properties":{"nis":84043,"nom":"Neufchâteau","province":"Luxembourg"}},{"arcs":[[-636,-645,665,-650,-659]],"type":"Polygon","properties":{"nis":84050,"nom":"Paliseul","province":"Luxembourg"}},{"arcs":[[-606,666,-662,667,-629,-633]],"type":"Polygon","properties":{"nis":84059,"nom":"Saint-Hubert","province":"Luxembourg"}},{"arcs":[[-630,-668,-661,668,669]],"type":"Polygon","properties":{"nis":84068,"nom":"Tellin","province":"Luxembourg"}},{"arcs":[[-648,670,671,-669,-660]],"type":"Polygon","properties":{"nis":84075,"nom":"Wellin","province":"Luxembourg"}},{"arcs":[[-602,-665,-638,-663,-667,-605]],"type":"Polygon","properties":{"nis":84077,"nom":"Libramont-Chevigny","province":"Luxembourg"}},{"arcs":[[-653,-664,-657,672,673]],"type":"Polygon","properties":{"nis":85007,"nom":"Chiny","province":"Luxembourg"}},{"arcs":[[-563,674,675,676,677]],"type":"Polygon","properties":{"nis":85009,"nom":"Etalle","province":"Luxembourg"}},{"arcs":[[-634,-654,-674,678,679,680,-641]],"type":"Polygon","properties":{"nis":85011,"nom":"Florenville","province":"Luxembourg"}},{"arcs":[[-680,681,682,683,684]],"type":"Polygon","properties":{"nis":85024,"nom":"Meix-devant-Virton","province":"Luxembourg"}},{"arcs":[[-571,685,686,687]],"type":"Polygon","properties":{"nis":85026,"nom":"Musson","province":"Luxembourg"}},{"arcs":[[-562,-580,-572,-688,688,-675]],"type":"Polygon","properties":{"nis":85034,"nom":"Saint-Léger","province":"Luxembourg"}},{"arcs":[[-656,689,-677,690,-682,-679,-673]],"type":"Polygon","properties":{"nis":85039,"nom":"Tintigny","province":"Luxembourg"}},{"arcs":[[-676,-689,-687,691,692,-683,-691]],"type":"Polygon","properties":{"nis":85045,"nom":"Virton","province":"Luxembourg"}},{"arcs":[[-564,-678,-690,-655,-575,-568]],"type":"Polygon","properties":{"nis":85046,"nom":"Habay","province":"Luxembourg"}},{"arcs":[[-684,-693,693]],"type":"Polygon","properties":{"nis":85047,"nom":"Rouvroy","province":"Luxembourg"}},{"arcs":[[694,695,696,697,698]],"type":"Polygon","properties":{"nis":91005,"nom":"Anhée","province":"Namur"}},{"arcs":[[-647,699,700,701,702,-671]],"type":"Polygon","properties":{"nis":91013,"nom":"Beauraing","province":"Namur"}},{"arcs":[[-644,703,704,-651,-666]],"type":"Polygon","properties":{"nis":91015,"nom":"Bièvre","province":"Namur"}},{"arcs":[[-626,705,706,707,708,709,710,711]],"type":"Polygon","properties":{"nis":91030,"nom":"Ciney","province":"Namur"}},{"arcs":[[-698,712,-708,713,714,715]],"type":"Polygon","properties":{"nis":91034,"nom":"Dinant","province":"Namur"}},{"arcs":[[-646,-705,716,717,-700]],"type":"Polygon","properties":{"nis":91054,"nom":"Gedinne","province":"Namur"}},{"arcs":[[-711,718,719,720,721]],"type":"Polygon","properties":{"nis":91059,"nom":"Hamois","province":"Namur"}},{"arcs":[[-310,722,-721,723,724]],"type":"Polygon","properties":{"nis":91064,"nom":"Havelange","province":"Namur"}},{"arcs":[[-702,725,726,-714,-707,727]],"type":"Polygon","properties":{"nis":91072,"nom":"Houyet","province":"Namur"}},{"arcs":[[-699,-716,728,729,730]],"type":"Polygon","properties":{"nis":91103,"nom":"Onhaye","province":"Namur"}},{"arcs":[[-625,-631,-670,-672,-703,-728,-706]],"type":"Polygon","properties":{"nis":91114,"nom":"Rochefort","province":"Namur"}},{"arcs":[[-317,-611,-617,-627,-712,-722,-723]],"type":"Polygon","properties":{"nis":91120,"nom":"Somme-Leuze","province":"Namur"}},{"arcs":[[-697,731,732,-709,-713]],"type":"Polygon","properties":{"nis":91141,"nom":"Yvoir","province":"Namur"}},{"arcs":[[-715,-727,733,734,735,-729]],"type":"Polygon","properties":{"nis":91142,"nom":"Hastière","province":"Namur"}},{"arcs":[[-643,736,-717,-704]],"type":"Polygon","properties":{"nis":91143,"nom":"Vresse-sur-Semois","province":"Namur"}},{"arcs":[[-329,-354,-334,737,738,739,740]],"type":"Polygon","properties":{"nis":92003,"nom":"Andenne","province":"Namur"}},{"arcs":[[-710,-733,741,742,743,-719]],"type":"Polygon","properties":{"nis":92006,"nom":"Assesse","province":"Namur"}},{"arcs":[[-57,-87,-85,-561,744,745,746,747]],"type":"Polygon","properties":{"nis":92035,"nom":"Eghezée","province":"Namur"}},{"arcs":[[748,749,750,751]],"type":"Polygon","properties":{"nis":92045,"nom":"Floreffe","province":"Namur"}},{"arcs":[[-168,-178,752,753,-752,754,755]],"type":"Polygon","properties":{"nis":92048,"nom":"Fosses-la-Ville","province":"Namur"}},{"arcs":[[-720,-744,756,-739,757,-724]],"type":"Polygon","properties":{"nis":92054,"nom":"Gesves","province":"Namur"}},{"arcs":[[-169,-756,758,-695,-731,759]],"type":"Polygon","properties":{"nis":92087,"nom":"Mettet","province":"Namur"}},{"arcs":[[-740,-757,-743,760,-750,761,762,763,-746,764]],"type":"Polygon","properties":{"nis":92094,"nom":"Namur","province":"Namur"}},{"arcs":[[-311,-725,-758,-738,-333,-336]],"type":"Polygon","properties":{"nis":92097,"nom":"Ohey","province":"Namur"}},{"arcs":[[-696,-759,-755,-751,-761,-742,-732]],"type":"Polygon","properties":{"nis":92101,"nom":"Profondeville","province":"Namur"}},{"arcs":[[-68,-77,765,766,767,-160]],"type":"Polygon","properties":{"nis":92114,"nom":"Sombreffe","province":"Namur"}},{"arcs":[[-158,-161,-768,768,-753,-177]],"type":"Polygon","properties":{"nis":92137,"nom":"Sambreville","province":"Namur"}},{"arcs":[[-304,-330,-741,-765,-745,-560]],"type":"Polygon","properties":{"nis":92138,"nom":"Fernelmont","province":"Namur"}},{"arcs":[[-749,-754,-769,-767,769,-762]],"type":"Polygon","properties":{"nis":92140,"nom":"Jemeppe-sur-Sambre","province":"Namur"}},{"arcs":[[-747,-764,770]],"type":"Polygon","properties":{"nis":92141,"nom":"La Bruyère","province":"Namur"}},{"arcs":[[-58,-748,-771,-763,-770,-766,-76,-91]],"type":"Polygon","properties":{"nis":92142,"nom":"Gembloux","province":"Namur"}},{"arcs":[[-250,771,772,773]],"type":"Polygon","properties":{"nis":93010,"nom":"Cerfontaine","province":"Namur"}},{"arcs":[[-243,-251,-774,774,775,776]],"type":"Polygon","properties":{"nis":93014,"nom":"Couvin","province":"Namur"}},{"arcs":[[-735,777,778,779,780]],"type":"Polygon","properties":{"nis":93018,"nom":"Doische","province":"Namur"}},{"arcs":[[-170,-760,-730,-736,-781,781,782]],"type":"Polygon","properties":{"nis":93022,"nom":"Florennes","province":"Namur"}},{"arcs":[[-773,783,-782,-780,784,-775]],"type":"Polygon","properties":{"nis":93056,"nom":"Philippeville","province":"Namur"}},{"arcs":[[-171,-783,-784,-772,-249,-237,-261,-262]],"type":"Polygon","properties":{"nis":93088,"nom":"Walcourt","province":"Namur"}},{"arcs":[[-776,-785,-779,785]],"type":"Polygon","properties":{"nis":93090,"nom":"Viroinval","province":"Namur"}},{"arcs":[[786]],"type":"Polygon","properties":{"nis":4000,"nom":"Bruxelles","province":"Bruxelles-Capitale"}}]}}}